created_at,Source,Target
2016-03-14T17:40:17.744Z,QuantifiedBob,Dan_Dascalescu
2016-12-16T19:25:20.064Z,Krishnan,Patrik_Helenius
2016-08-30T02:43:01.551Z,ankoshy,ejain
2017-09-08T07:59:23.531Z,markwkoester,Eremolalos
2019-07-02T13:10:47.375Z,cfuarte,ejain
2016-07-18T00:24:43.083Z,patbuen,theCyberMike
2021-02-10T16:51:23.455Z,LNP,Agaricus
2016-12-06T23:24:52.645Z,Agaricus,OP_Engr
2016-02-16T18:28:25.693Z,Beau_Gunderson,ejain
2020-11-24T08:54:07.518Z,michaelforrest,Shelbey
2017-07-01T18:43:40.550Z,Justin_Lawler,IsaacGerg
2019-07-15T19:39:38.826Z,rickroyphd,ejain
2017-05-22T18:14:58.146Z,ejain,xbliss
2019-06-27T01:30:36.225Z,rain8dome9,Guzik
2021-03-04T08:48:10.957Z,Sergio,FORT_Simon
2019-12-05T18:24:40.964Z,cyberthal,Agaricus
2019-08-14T18:43:07.486Z,Agaricus,dgorski
2016-06-29T07:36:14.536Z,Justin_Lawler,Amit_Kohli
2015-10-17T00:02:35.826Z,cjroth,Skav
2017-01-13T22:47:14.017Z,Krishnan,ejain
2018-09-25T19:45:32.869Z,azure,SharaRaqs
2018-06-03T21:06:54.622Z,ejain,logos
2017-04-18T13:40:01.678Z,Kaido,Praxiteles
2020-07-27T11:22:06.409Z,Froukje,dreeds
2017-01-10T13:11:01.479Z,florian,lotusflyer
2018-11-13T18:22:00.562Z,thinkerdog,Guzik
2016-02-18T03:48:22.147Z,basisbreakdown,ejain
2019-05-12T20:16:38.021Z,ejain,cfuarte
2020-06-04T09:07:38.892Z,LNP,ejain
2019-01-16T01:21:56.182Z,Agaricus,ejain
2020-11-01T07:19:00.449Z,JBL,Agaricus
2020-11-09T12:40:49.601Z,gedankenstuecke,hermandevries
2016-12-30T14:27:02.196Z,Caroline17,Dan_Dascalescu
2020-10-03T14:56:20.453Z,LNP,Agaricus
2020-10-04T15:23:15.202Z,LNP,Guzik
2016-02-04T18:58:42.547Z,ejain,QuantifiedBob
2020-03-06T03:00:49.743Z,rain8dome9,Agaricus
2018-08-17T18:33:49.347Z,gianlucatruda,Agaricus
2016-07-13T04:50:35.739Z,FirebrandAZ,BATBAT1
2016-01-27T22:42:00.670Z,pbaxi,basisbreakdown
2021-01-25T17:38:51.385Z,gedankenstuecke,ejain
2015-10-18T19:11:07.139Z,Victor_Lee,ernesto
2018-10-15T03:14:31.575Z,danwich,Lyuba247
2017-01-07T19:22:50.755Z,Qot,ejain
2018-10-21T12:08:28.198Z,jjnz,ejain
2017-03-18T15:17:05.291Z,JeremyGordon,Qek
2016-07-15T17:27:28.934Z,Mikey_Sklar,Agaricus
2019-12-22T04:59:21.238Z,rain8dome9,madprime
2018-12-27T16:50:16.760Z,growwithlogan,Tahl
2018-01-22T10:09:12.303Z,Adria,Stephen_Burger
2019-03-16T14:29:31.970Z,Valeria_Pannunzio,Agaricus
2016-11-22T03:10:28.358Z,roxx,justintimmer
2020-08-19T15:26:54.182Z,LNP,tomlawrence
2019-09-03T20:02:24.716Z,Valerie_Lanard,thinkerdog
2019-03-19T16:12:51.061Z,kastan,petioptrv
2021-01-10T22:46:55.720Z,Said_Bouziane,Said_Bouziane
2016-02-23T12:42:47.403Z,nicbaz,jwillis84
2017-02-04T02:42:06.149Z,Emily_Porter,chrisvdberge
2018-11-16T16:12:38.295Z,wkrasl,sergey
2020-01-26T07:27:20.754Z,davidhead,QuantifiedBob
2017-01-31T14:17:39.973Z,chrisvdberge,Marc_Mathys
2016-06-23T02:11:01.190Z,lotusflyer,QuantifiedBob
2018-06-22T17:22:01.019Z,ejain,mookiebearapps
2017-05-12T20:53:49.502Z,Agaricus,IsaacGerg
2016-03-07T06:13:26.243Z,jwillis84,theCyberMike
2019-05-07T16:43:12.866Z,sprague,Agaricus
2016-11-19T19:27:06.843Z,justinlmitchell,davedonohue
2020-10-07T08:33:34.615Z,michaelforrest,Agaricus
2016-12-29T14:07:26.841Z,justintimmer,Marquis_Butler
2020-06-26T07:54:57.548Z,LNP,ejain
2018-11-02T16:11:16.085Z,fiddur,Guzik
2019-03-25T05:43:47.117Z,ejain,ejain
2016-11-21T10:04:27.316Z,justintimmer,Josh_Schneider
2017-09-05T21:01:42.979Z,schochlp,Tahl
2016-07-19T17:22:44.814Z,Luke_Sleepwalker,cjboehne
2017-09-24T19:02:56.311Z,Pygio,Agaricus
2020-03-29T20:04:59.004Z,dans,ejain
2020-10-15T23:57:39.902Z,rain8dome9,karlicoss
2017-02-05T17:43:04.699Z,Emily_Porter,Marc_Mathys
2018-07-31T16:07:56.764Z,gedankenstuecke,Agaricus
2019-12-23T13:59:29.381Z,gedankenstuecke,gedankenstuecke
2016-11-08T19:11:58.820Z,Mikey_Sklar,Elo
2017-07-03T11:49:52.918Z,IsaacGerg,amishra123
2015-12-08T19:19:59.461Z,johnadams,johnadams
2019-04-24T13:16:25.741Z,Valeria_Pannunzio,ejain
2017-03-18T20:38:52.599Z,Sergio,Agaricus
2020-06-14T04:40:42.339Z,PigsCanFly2day,Qek
2016-09-18T20:11:43.532Z,dvdrjo,Valerie_Lanard
2019-12-26T17:41:16.055Z,IvanDenis,jaklee
2017-03-30T02:06:25.045Z,Jolly,Agaricus
2018-11-21T21:28:03.868Z,ejain,Steven_Jonas
2015-12-09T23:26:40.627Z,Jay_Aitchsee,BsleeperS
2020-12-24T03:31:42.148Z,mathjeff,rain8dome9
2019-08-08T02:32:34.005Z,emilyb,Mikesleep
2019-08-14T10:56:26.058Z,matus.konecny,AppKnomee
2015-09-30T17:52:49.147Z,clif123,Jackie_Moon
2020-07-04T10:50:57.843Z,stibeck,Alex_Bitman
2017-01-24T09:58:23.799Z,justintimmer,Marc_Mathys
2020-09-16T08:27:14.003Z,gjusaityte,Sergio
2020-11-10T17:24:53.754Z,Justin_Lawler,JBL
2019-05-22T17:03:02.109Z,Miro01,Miro01
2020-10-07T18:08:18.228Z,LNP,JBDow
2019-05-11T22:20:12.477Z,rain8dome9,ejain
2020-04-17T12:53:09.715Z,dkrenik,ejain
2019-03-20T21:49:06.983Z,dragomir44,MySLOG
2018-07-23T19:36:59.303Z,Agaricus,logos
2019-03-15T21:28:12.663Z,kastan,ejain
2020-07-09T04:01:44.085Z,dreeds,JSkellington
2020-05-06T10:49:42.557Z,c0SM0s_zurich,xman2012
2016-12-19T13:34:57.754Z,nez,laikalee
2019-04-24T00:20:36.257Z,Dr_John,Agaricus
2021-02-06T02:33:11.098Z,ekerstein,sukazavr
2020-05-31T07:44:23.372Z,LNP,ejain
2015-11-17T12:29:29.087Z,genomapp,davedonohue
2017-01-11T18:03:03.659Z,ejain,chrisvdberge
2017-01-31T22:03:54.768Z,ejain,Justin_Lawler
2019-08-28T04:30:43.636Z,rain8dome9,ejain
2019-05-17T02:35:05.595Z,rain8dome9,QuantifiedBob
2020-09-24T10:13:56.618Z,LNP,ejain
2017-02-02T20:38:53.852Z,rlong19,theCyberMike
2016-07-25T22:47:22.302Z,Agaricus,Steven_Jonas
2020-07-02T23:00:48.684Z,ejain,one_man_experiment
2017-05-09T11:48:13.750Z,jina963,Elo
2017-05-28T00:09:27.335Z,Steven_Jonas,mulhollandQS
2017-02-14T21:25:27.856Z,danwich,pfh
2016-01-27T16:54:37.680Z,mnem,DanHidalgo
2016-11-16T17:44:13.210Z,QuantifiedBob,roxx
2016-02-27T20:51:10.988Z,amac0,nicbaz
2019-08-09T16:51:35.271Z,Beau_Gunderson,Beau_Gunderson
2015-12-17T16:50:19.929Z,BsleeperS,Jay_Aitchsee
2018-11-13T00:01:10.423Z,rickroyphd,rickroyphd
2019-08-26T07:56:17.236Z,greggostincar,uppereast1
2020-08-27T17:48:47.083Z,rain8dome9,Agaricus
2019-06-05T19:26:27.787Z,Miro01,BrianJohnson
2017-03-04T17:23:16.267Z,Abhishek_Anand,Mikey_Sklar
2019-08-29T04:26:21.429Z,Agaricus,rain8dome9
2020-07-29T18:53:23.681Z,ejain,OP_Engr
2016-06-08T08:45:33.558Z,CeyHello,Steven_Jonas
2016-02-28T18:46:07.392Z,ejain,gbalfi
2017-02-09T09:02:16.937Z,Marc_Mathys,marcelvanderkuil
2016-08-12T09:52:35.898Z,IoTool,_AmandaJW
2020-06-11T14:32:14.762Z,LNP,dreeds
2016-01-27T20:34:39.184Z,ShannonConners,Dan_Dascalescu
2020-08-17T09:49:44.103Z,Dipdap,Sergio
2016-06-18T00:18:21.419Z,mookiebearapps,mookiebearapps
2017-01-31T09:26:09.502Z,chrisvdberge,Marc_Mathys
2019-02-19T06:26:52.362Z,fiddur,judoman09
2020-11-06T17:06:07.165Z,Zenner,Agaricus
2016-01-27T08:18:45.743Z,Dan_Dascalescu,ejain
2017-01-22T17:26:56.390Z,chrisvdberge,Marc_Mathys
2019-04-02T16:50:43.789Z,maxaura,ejain
2016-07-16T15:58:31.418Z,TheNotifiedSelf,Agaricus
2016-06-10T17:45:35.523Z,robertson,Gill3362
2016-12-21T17:01:09.349Z,Marquis_Butler,Dan_Dascalescu
2016-06-14T16:53:53.363Z,Jaakko,Justin_Lawler
2018-01-13T23:18:50.548Z,mica,ejain
2018-10-28T12:17:23.496Z,Omri_Mendels,fiddur
2016-05-20T02:47:46.655Z,Infinome,c_BOSS
2018-08-27T18:04:33.063Z,gianlucatruda,Agaricus
2017-04-05T01:09:26.454Z,Amith_vikram_Rangara,viho
2020-10-22T01:11:30.511Z,davidhead,ejain
2016-08-31T22:24:01.354Z,woodinblack,woodinblack
2016-12-31T04:30:46.640Z,Agaricus,jeff_researcher
2020-11-07T09:27:09.697Z,LNP,QuantifiedBob
2017-03-01T13:12:57.592Z,IsaacGerg,sprague
2019-07-25T23:21:56.518Z,fermion,Steven_Jonas
2021-03-22T10:02:59.085Z,FORT_Simon,rain8dome9
2021-01-27T17:21:38.324Z,Mdrangsholt,Agaricus
2020-05-28T17:18:01.652Z,rain8dome9,Agaricus
2017-11-13T03:42:04.271Z,cporro,ejain
2020-08-24T15:10:45.793Z,LNP,dreeds
2018-10-19T01:23:17.687Z,ejain,himynamesdave
2017-03-13T18:48:15.147Z,Omer_Yildiz16,Albert_Braun
2020-03-23T01:17:56.131Z,ejain,ejain
2019-03-17T16:55:22.204Z,JessicaK,MySLOG
2018-06-20T06:42:26.583Z,Mikkelsen,marcelvanderkuil
2020-04-07T23:48:11.847Z,Steven_Jonas,phxJack
2017-02-09T21:34:15.063Z,anomalily,danwich
2019-03-01T19:38:33.578Z,azure,rdthoms
2017-09-24T01:12:17.912Z,ejain,logos
2020-10-14T09:26:41.145Z,xman2012,ejain
2020-03-23T15:52:50.047Z,Suresh_Murthy,ejain
2016-08-29T13:24:55.110Z,Mikey_Sklar,tachtevrenidis
2016-10-02T18:04:13.367Z,marcelvanderkuil,Marc_Mathys
2018-06-20T09:04:22.226Z,marcelvanderkuil,Mikkelsen
2019-03-01T14:44:44.029Z,rdthoms,azure
2017-02-09T21:34:49.945Z,anomalily,Emily_Porter
2020-03-04T14:52:58.621Z,gedankenstuecke,sprague
2019-09-19T02:52:08.474Z,madprime,ejain
2017-02-22T09:37:39.993Z,OP_Engr,IsaacGerg
2021-01-27T17:00:03.704Z,Agaricus,JonCousins
2020-08-25T06:00:32.290Z,dreeds,LNP
2018-01-13T18:37:55.260Z,ejain,mica
2018-01-11T11:06:29.813Z,fiddur,fiddur
2019-02-23T21:52:24.881Z,dreeds,fiddur
2016-08-30T13:50:14.346Z,RubyJ,justintimmer
2016-05-13T00:36:13.651Z,c_BOSS,ejain
2017-04-05T00:22:57.657Z,viho,Amith_vikram_Rangara
2018-08-27T18:15:34.293Z,gianlucatruda,QuantifiedBob
2020-10-22T00:14:03.280Z,ejain,davidhead
2020-11-07T09:41:06.235Z,LNP,Alex_Bitman
2021-02-15T03:52:02.823Z,Jeshyr,ejain
2016-01-27T18:22:45.798Z,marcusfoster,Dan_Dascalescu
2017-01-22T17:26:27.588Z,Marc_Mathys,Marc_Mathys
2021-01-14T15:56:14.174Z,LNP,ejain
2021-03-24T16:45:08.093Z,Agaricus,LEF
2016-12-21T17:07:21.470Z,Marquis_Butler,justintimmer
2016-06-16T00:21:25.877Z,Irene_Gabashvili,Jaakko
2020-07-23T08:41:14.851Z,michaelforrest,rain8dome9
2020-08-18T16:39:16.799Z,mdavis,xman2012
2017-03-27T16:41:35.204Z,Amith_vikram_Rangara,Agaricus
2016-05-07T00:03:47.809Z,Jackemeyer,Siva_Raj
2016-12-09T22:53:59.817Z,Agaricus,Krishnan
2020-03-17T17:07:14.257Z,dgorski,nikf91
2016-10-01T15:12:00.386Z,Justin_Lawler,Marry
2016-11-01T12:27:41.409Z,quantifiedlex,quantifiedlex
2020-08-08T06:34:52.779Z,alexey,ejain
2016-04-05T20:53:36.819Z,cyrbon,projreality
2019-04-29T03:56:19.049Z,Agaricus,ejain
2017-03-09T01:35:18.562Z,Emily_Porter,danwich
2020-08-20T06:10:14.648Z,dreeds,Christopher
2016-01-27T22:07:12.844Z,basisbreakdown,ShannonConners
2016-02-18T09:41:28.408Z,Vitarecord,basisbreakdown
2017-02-03T02:56:14.933Z,Emily_Porter,danwich
2018-08-02T12:56:25.285Z,Roadkill0000,Dan_Dascalescu
2020-07-29T22:23:31.541Z,Agaricus,OP_Engr
2019-03-17T22:38:36.481Z,JessicaK,Agaricus
2021-03-01T17:04:51.919Z,ilmostromberg.com,A_Varyu
2020-02-13T16:37:52.794Z,dans,Dan_Dascalescu
2017-01-16T11:20:10.505Z,justintimmer,pmcg
2017-07-15T09:11:12.171Z,MichaelJD,AmirMarashi
2020-11-22T01:29:27.129Z,srbd,ekerstein
2017-03-19T19:17:32.320Z,davedonohue,Amith_vikram_Rangara
2019-08-09T18:23:13.371Z,Sara,Beau_Gunderson
2016-10-24T08:01:07.080Z,theCyberMike,zeakian
2015-12-10T18:19:36.764Z,Jay_Aitchsee,BsleeperS
2020-06-17T01:17:56.653Z,rain8dome9,ejain
2021-03-31T12:30:56.190Z,LNP,Jan_Antolik
2019-06-05T09:00:38.620Z,thinkerdog,Dan_Dascalescu
2016-07-21T20:03:50.250Z,Steven_Jonas,Steven_Jonas
2017-05-09T12:06:45.208Z,jina963,Jacky
2018-05-24T04:47:31.462Z,ejain,AppKnomee
2018-12-14T01:10:15.904Z,Steven_Jonas,rain8dome9
2020-11-22T04:16:23.215Z,LNP,ekerstein
2017-02-14T21:03:26.315Z,pfh,danwich
2016-11-16T01:18:04.145Z,roxx,QuantifiedBob
2016-02-28T15:58:11.766Z,amac0,nicbaz
2016-07-28T09:49:32.425Z,Justin_Lawler,justintimmer
2019-05-15T20:38:56.187Z,Dr_John,Nanodot
2019-08-06T20:15:18.470Z,Agaricus,dgorski
2017-02-01T08:18:58.443Z,Dan_Dascalescu,ejain
2020-09-28T09:43:16.166Z,LNP,ekerstein
2019-05-25T00:58:10.957Z,JessicaK,rain8dome9
2020-09-23T19:15:16.562Z,ejain,LNP
2018-10-31T16:35:57.519Z,azure,marytownjob
2017-05-02T03:57:15.832Z,Elo,Agaricus
2020-12-21T21:41:51.583Z,Jan,Agaricus
2018-03-22T17:24:29.701Z,WizardOfNomaha,lailazem
2021-01-01T22:44:06.522Z,Said_Bouziane,OP_Engr
2017-09-27T19:26:10.612Z,danwich,saw2112
2016-12-19T13:39:21.634Z,nez,justintimmer
2019-04-24T00:14:15.611Z,Dr_John,quotidiansampler
2021-02-06T05:25:31.715Z,sukazavr,ekerstein
2018-01-11T18:38:49.588Z,Steven_Jonas,danwich
2017-06-13T06:27:49.780Z,pfh,saw2112
2016-06-20T07:00:35.445Z,CeyHello,lotusflyer
2020-06-02T08:15:58.219Z,michaelforrest,LNP
2015-11-17T22:57:42.785Z,Zeta,genomapp
2017-01-11T18:57:16.999Z,chrisvdberge,ejain
2019-05-14T01:30:32.747Z,rain8dome9,JessicaK
2018-12-04T20:54:31.658Z,Caffo,Kelly_Finn
2019-03-21T06:27:13.887Z,MySLOG,dragomir44
2016-02-21T04:22:18.500Z,Meaghan,phenylalanine
2018-08-03T17:48:59.173Z,Agaricus,azure
2020-09-23T07:56:29.800Z,LNP,ejain
2017-05-07T19:02:27.999Z,Kilost,matgessel
2019-03-16T00:39:10.447Z,JessicaK,ejain
2020-11-11T19:18:29.853Z,LNP,Justin_Lawler
2016-06-19T09:37:40.491Z,patbuen,Dan_Dascalescu
2019-06-05T06:13:10.934Z,PigsCanFly2day,Agaricus
2016-12-27T15:33:31.218Z,Sagado,Agaricus
2020-12-26T19:37:42.380Z,ladybird,ejain
2019-11-16T18:22:41.022Z,Katrin_Blanchare,TheNotifiedSelf
2018-11-21T19:00:25.825Z,Steven_Jonas,ejain
2017-03-30T17:40:58.016Z,Agaricus,Jolly
2019-08-23T01:29:07.897Z,hyruga,Mikesleep
2016-09-08T19:47:14.256Z,ejain,Agaricus
2020-06-25T08:37:43.989Z,LNP,Agaricus
2016-07-28T15:39:31.725Z,ejain,ndp
2017-03-08T19:56:35.364Z,danwich,ejain
2017-05-04T12:56:17.997Z,Qek,meenakshsundaram
2017-02-15T17:42:13.762Z,pfh,Emily_Porter
2019-07-09T04:52:32.642Z,ejain,gedankenstuecke
2017-02-05T18:03:56.857Z,Emily_Porter,Emily_Porter
2020-08-20T11:19:08.630Z,xman2012,dreeds
2017-06-10T18:02:08.392Z,saw2112,Jacob
2016-02-19T23:26:04.354Z,nicbaz,jwillis84
2016-10-19T08:45:07.307Z,Justin_Lawler,justintimmer
2019-12-30T19:53:10.307Z,madprime,gedankenstuecke
2016-07-04T08:38:52.299Z,Zeta,IanC
2017-01-22T11:58:21.472Z,chrisvdberge,QuantifiedBob
2017-07-02T07:24:57.678Z,amishra123,ejain
2018-10-24T20:08:24.029Z,matthewalangreen,matthewalangreen
2015-10-22T14:06:46.137Z,calbucci,ejain
2016-08-11T14:01:10.963Z,_AmandaJW,IoTool
2018-02-18T04:30:11.584Z,jmccorison,ejain
2016-08-07T12:08:52.871Z,justintimmer,Justin_Lawler
2020-05-28T17:14:11.832Z,rain8dome9,justin
2017-05-22T23:45:43.500Z,Greg_Yeutter,michael.collins
2020-08-27T09:27:06.982Z,ejain,LNP
2016-06-09T19:43:43.924Z,Jaakko,ejain
2017-07-19T23:19:08.371Z,Tahl,ejain
2020-07-29T22:25:22.545Z,Agaricus,ejain
2018-06-28T15:31:14.376Z,Marc_Mathys,nikf91
2016-08-18T00:31:57.589Z,Elo,Dan_Dascalescu
2017-01-06T02:13:59.890Z,ejain,Qot
2017-05-12T19:33:09.116Z,michael.collins,Justin_Lawler
2016-06-19T19:43:06.653Z,lotusflyer,ejain
2017-06-15T20:20:22.577Z,IsaacGerg,linrichard
2018-10-13T04:12:06.097Z,Nomad,ejain
2017-01-31T13:20:11.773Z,Marc_Mathys,chrisvdberge
2021-03-09T11:49:17.246Z,Jeshyr,rrnoortman
2017-03-24T22:18:56.540Z,Agaricus,AnnaFranziskaMichel
2016-02-22T22:33:15.634Z,jwillis84,nicbaz
2016-11-14T20:10:42.038Z,pdsqiash83,ejain
2019-09-17T17:23:05.691Z,thinkerdog,Valerie_Lanard
2018-09-30T17:44:10.492Z,marcelvanderkuil,Walletform
2018-02-11T20:09:16.628Z,ejain,p2635
2020-01-13T01:13:39.862Z,Al_Zambo,Steven_Jonas
2016-05-16T13:54:49.902Z,QuantifiedBob,gwern
2020-07-24T08:44:08.060Z,michaelforrest,Agaricus
2018-01-22T10:16:30.693Z,Adria,anthanto
2019-06-20T04:23:24.909Z,Agaricus,dreeds
2017-02-18T13:04:51.075Z,Jay_Aitchsee,Jay_Aitchsee
2017-03-20T22:25:01.224Z,Mikey_Sklar,Steven_Jonas
2016-02-16T08:50:53.022Z,hyojunwoo,Dan_Dascalescu
2019-12-30T19:45:06.165Z,madprime,rain8dome9
2015-12-16T05:46:20.268Z,Yvonne,philippatterson
2016-02-04T23:59:55.816Z,Dannysoos,basisbreakdown
2018-08-19T23:08:37.974Z,Agaricus,gianlucatruda
2016-01-27T22:19:14.776Z,basisbreakdown,pbaxi
2020-08-18T12:44:28.679Z,LNP,rain8dome9
2020-07-30T07:42:30.101Z,SergeyPoznyakAkvelon,dreeds
2017-10-06T16:53:46.932Z,ejain,silver
2020-11-09T10:53:48.759Z,hermandevries,gedankenstuecke
2020-10-03T15:01:45.608Z,LNP,davidhead
2015-11-17T21:28:52.802Z,Agaricus,n8henrie
2019-07-25T20:41:46.078Z,dgorski,rain8dome9
2016-11-05T06:45:58.749Z,Marc_Mathys,Marry
2020-10-05T08:25:01.654Z,Guzik,LNP
2016-02-18T06:28:07.701Z,ejain,basisbreakdown
2019-08-29T16:06:48.905Z,Agaricus,Valeria_Pannunzio
2019-05-12T10:59:40.524Z,cfuarte,ejain
2020-01-02T19:03:12.591Z,Agaricus,Rayo_Asoko
2020-08-10T15:15:25.946Z,CharlesAlexandreRoy,LNP
2019-06-05T06:21:44.320Z,Sergio,Agaricus
2020-06-05T04:46:41.436Z,ejain,LNP
2020-11-01T07:19:35.506Z,JBL,LNP
2016-06-30T10:42:05.915Z,davidhestrin,Justin_Lawler
2020-11-08T10:40:19.292Z,LNP,ejain
2017-01-13T22:11:36.665Z,ejain,Krishnan
2016-02-26T09:30:46.889Z,justintimmer,Dan_Dascalescu
2017-04-19T08:31:31.305Z,Praxiteles,Kaido
2016-08-11T12:42:41.498Z,Justin_Lawler,Amit_Kohli
2017-01-10T13:08:10.734Z,florian,quicklime
2020-02-25T05:46:35.127Z,Agaricus,BadlandsBoredman
2016-12-07T18:25:36.544Z,Praxiteles,OP_Engr
2019-07-15T15:39:22.681Z,gedankenstuecke,ejain
2017-07-01T18:45:43.911Z,Justin_Lawler,xbliss
2017-05-21T20:47:34.367Z,xbliss,ejain
2019-05-23T23:55:20.492Z,quantifiedketonian,ejain
2021-03-04T09:16:05.159Z,FORT_Simon,Sergio
2016-03-15T19:03:26.234Z,Steven_Jonas,QuantifiedBob
2019-09-05T23:39:23.987Z,QuantifiedBob,madprime
2021-04-03T11:28:55.713Z,LNP,Jan_Antolik
2020-10-25T15:36:33.711Z,LNP,MickDee
2020-10-08T13:02:34.552Z,JBDow,LNP
2020-01-02T19:43:29.370Z,Agaricus,Agaricus
2017-03-17T19:29:19.677Z,Jacob,Josh_Schneider
2019-01-09T14:03:23.545Z,QuantifiedBob,Agaricus
2017-03-31T01:55:56.861Z,jackpark,Agaricus
2018-09-30T19:12:30.400Z,j3rry,marcelvanderkuil
2016-07-09T20:36:34.859Z,TheNotifiedSelf,Christian_Kleineidam
2019-05-02T18:12:29.687Z,quotidiansampler,logos
2018-05-30T00:11:19.216Z,ejain,MiaG
2020-03-27T20:00:43.541Z,ejain,rain8dome9
2019-08-08T18:45:33.111Z,Beau_Gunderson,Agaricus
2021-02-15T05:27:23.317Z,Sergio,ekerstein
2020-12-02T02:57:53.664Z,rain8dome9,damadam
2016-06-20T13:09:22.256Z,sigwolf,lotusflyer
2016-06-28T13:43:20.774Z,QuantifiedBob,Justin_Lawler
2020-10-01T21:37:19.040Z,davidhead,LNP
2019-05-22T17:44:26.891Z,Miro01,Agaricus
2017-01-22T14:23:47.241Z,justintimmer,chrisvdberge
2017-06-09T09:14:34.381Z,Monade,Charlotte
2019-08-01T02:01:53.932Z,rain8dome9,Steven_Jonas
2020-10-07T10:12:39.533Z,Marc_Mathys,JBDow
2017-04-29T02:14:25.406Z,alicia297,rsolfest
2018-08-02T21:38:31.051Z,azure,gianlucatruda
2017-01-26T17:52:33.313Z,almi,duncan.banks
2021-02-06T05:43:17.525Z,sukazavr,ekerstein
2019-04-26T20:54:13.564Z,Dr_John,quotidiansampler
2016-02-18T17:17:03.110Z,basisbreakdown,QuantifiedBob
2020-11-16T22:35:42.745Z,rain8dome9,LNP
2017-06-13T06:13:21.910Z,saw2112,pfh
2020-10-12T09:47:30.616Z,Kevin_Walker,logos
2018-11-19T15:30:17.056Z,Seanny123,Kelly_Finn
2018-03-21T07:50:21.978Z,IsaacGerg,Mikey_Sklar
2019-05-12T21:27:41.235Z,dreeds,ejain
2021-01-02T20:51:30.460Z,Said_Bouziane,OP_Engr
2016-02-23T00:43:39.149Z,cjroth,MollyMaloofMD
2018-01-10T23:47:34.469Z,Steven_Jonas,Monika1989
2020-01-27T05:26:19.662Z,sskaye,ejain
2019-05-14T12:48:01.779Z,Valeria_Pannunzio,azure
2016-02-26T11:49:26.649Z,jwillis84,nicbaz
2016-07-19T17:52:05.457Z,QuantifiedBob,Luke_Sleepwalker
2020-08-30T16:10:27.857Z,QSMacChan,LNP
2018-12-04T19:02:46.959Z,Kelly_Finn,ejain
2016-11-15T23:49:41.346Z,QuantifiedBob,roxx
2019-04-29T16:27:24.535Z,Dr_John,quotidiansampler
2017-02-15T00:51:39.875Z,Jamie.Lucier,Schurger
2017-01-18T22:01:18.580Z,QuantifiedBob,Agaricus
2015-12-03T21:11:21.651Z,BsleeperS,woodinblack
2016-02-16T01:28:40.036Z,nicbaz,woodinblack
2019-08-15T23:16:35.548Z,Beau_Gunderson,Beau_Gunderson
2016-08-08T09:22:35.804Z,Skav,TheNotifiedSelf
2020-05-14T05:01:19.987Z,ejain,Agaricus
2020-02-28T12:01:58.739Z,jakobeglarsen,dans
2017-01-09T00:44:16.745Z,Elo,pmcg
2019-01-30T19:44:07.845Z,PigsCanFly2day,fiddur
2017-05-24T18:05:17.967Z,rtbz,ernesto
2019-08-28T05:07:51.975Z,rain8dome9,Agaricus
2018-10-14T18:50:55.107Z,ejain,marcelvanderkuil
2018-11-07T21:32:42.942Z,thinkerdog,thinkerdog
2019-03-13T02:22:38.490Z,anitha,ejain
2016-08-13T05:35:02.857Z,_AmandaJW,Cor-Jan
2020-02-24T07:44:55.895Z,gedankenstuecke,ejain
2016-07-03T22:49:19.087Z,mookiebearapps,Agaricus
2021-04-01T03:43:33.607Z,davidrusu,rain8dome9
2020-02-26T05:45:08.593Z,Kiipo_Chris,azure
2017-01-14T01:54:58.836Z,mookiebearapps,ejain
2019-02-21T02:47:54.249Z,judoman09,fiddur
2020-10-19T11:50:35.416Z,ilmostromberg.com,kerstinxx
2019-07-03T00:29:25.085Z,madprime,Steven_Jonas
2020-02-12T11:18:18.536Z,sskaye,ejain
2018-01-25T01:32:34.330Z,QuantifiedBob,Steven_Jonas
2021-03-24T09:51:23.758Z,LNP,karlicoss
2017-01-13T22:18:55.657Z,EricSF,chrisvdberge
2019-07-25T22:24:23.063Z,Steven_Jonas,dreeds
2018-08-25T14:33:43.513Z,QuantifiedBob,Agaricus
2017-01-04T14:50:07.428Z,Yan,ejain
2020-11-16T01:19:06.410Z,Agaricus,Agaricus
2016-09-02T17:39:38.784Z,HashDefine,RubyJ
2020-07-09T08:01:25.401Z,michaelforrest,ejain
2019-07-01T22:18:14.550Z,JessicaK,madprime
2017-01-10T16:18:36.682Z,chrisvdberge,Justin_Lawler
2021-03-11T03:38:10.346Z,rain8dome9,FORT_Simon
2015-10-22T01:14:11.423Z,davedonohue,Dan_Dascalescu
2016-11-14T05:14:52.471Z,Agaricus,marcelvanderkuil
2018-06-05T15:12:55.645Z,granadajose,CSWotton
2016-10-11T20:20:14.438Z,justintimmer,EricSF
2016-06-23T22:09:37.507Z,lotusflyer,basisbreakdown
2018-08-14T21:33:45.450Z,Eric_Rassman,Eric_Rassman
2020-05-30T02:46:37.518Z,Said_Bouziane,Steven_Jonas
2017-05-10T00:29:14.432Z,Elo,ScreenAware
2016-08-29T05:44:35.696Z,tachtevrenidis,IoTool
2017-05-02T06:22:49.557Z,Pavel_Zakharov,Ralf_Rademacher
2019-09-05T22:07:54.678Z,QuantifiedBob,ejain
2018-10-03T14:01:22.351Z,Agaricus,Agaricus
2017-05-14T05:59:24.069Z,siddharth,Agaricus
2019-03-09T00:25:25.222Z,Agaricus,edie
2020-03-04T00:31:38.454Z,Agaricus,sskaye
2016-10-08T01:50:00.568Z,davedonohue,katrin48
2017-02-02T08:22:12.599Z,chrisvdberge,dnurzynski
2016-12-28T18:40:44.081Z,reblaw,Sergio
2016-08-26T15:08:23.308Z,madprime,IoTool
2019-11-15T04:25:48.469Z,madprime,ejain
2020-07-30T08:01:39.402Z,michaelforrest,ejain
2015-12-18T20:37:06.340Z,justintimmer,Hango
2018-12-17T12:36:02.923Z,rickroyphd,rickroyphd
2018-11-25T17:47:22.711Z,marcelvanderkuil,QuantifiedBob
2021-01-05T21:13:56.998Z,thefedoration,Agaricus
2021-03-09T08:48:21.087Z,FORT_Simon,Sergio
2017-07-03T12:05:20.770Z,IsaacGerg,Justin_Lawler
2017-06-18T13:23:28.412Z,xbliss,ejain
2019-07-01T20:55:57.684Z,JessicaK,ejain
2015-10-20T02:01:36.477Z,cjroth,Dan_Dascalescu
2017-05-12T12:57:07.312Z,IsaacGerg,ejain
2017-01-09T08:14:06.792Z,florian,quicklime
2019-08-30T18:03:19.346Z,Agaricus,Agaricus
2019-01-13T04:32:10.238Z,Frances,QuantifiedBob
2018-07-31T01:24:23.991Z,sujit,sushisuzuki
2016-08-14T16:32:23.744Z,Sagado,Luke_Sleepwalker
2020-04-03T20:41:30.522Z,dwCo,dwstclair
2020-07-13T14:34:18.905Z,rain8dome9,rain8dome9
2017-10-05T16:41:25.293Z,silver,ejain
2017-04-14T09:28:47.475Z,Ouiouian,Steven_Jonas
2019-03-17T16:40:47.627Z,JessicaK,mookiebearapps
2018-10-11T11:05:45.848Z,ryqiem,ejain
2020-10-05T10:32:16.700Z,LNP,Guzik
2020-03-17T17:25:19.699Z,dgorski,brownhci
2017-03-27T10:45:01.691Z,JazzCorner,JeremyGordon
2020-09-27T10:52:29.230Z,LNP,logos
2020-05-21T08:41:41.215Z,michaelforrest,rain8dome9
2020-11-15T15:40:50.075Z,LNP,ejain
2020-08-04T13:31:18.819Z,Agaricus,Mike
2015-11-13T15:13:39.973Z,jkridner,carsondarling
2019-11-26T14:07:13.002Z,madprime,rain8dome9
2017-01-18T20:38:20.450Z,Agaricus,viho
2020-07-28T08:14:55.922Z,michaelforrest,Said_Bouziane
2016-01-25T06:32:08.971Z,uxgreg,Jason_Miller
2020-10-03T15:12:11.890Z,entrifis,davidhead
2020-07-27T20:35:40.899Z,Agaricus,corbenspears
2018-02-09T22:10:24.912Z,p2635,dmartin
2016-08-15T17:24:39.774Z,Luke_Sleepwalker,Cor-Jan
2020-05-31T09:53:38.021Z,Said_Bouziane,ejain
2017-02-04T12:49:24.587Z,Emily_Porter,chrisvdberge
2016-02-26T02:19:35.140Z,amac0,nicbaz
2016-12-15T23:34:04.565Z,Marquis_Butler,mosca
2016-10-22T15:49:36.817Z,Justin_Lawler,QuantifiedBob
2018-10-03T14:06:58.563Z,Agaricus,Nomad
2016-09-27T02:30:03.254Z,kappa962,Agaricus
2020-09-23T15:47:39.092Z,rain8dome9,rain8dome9
2019-03-30T03:29:29.160Z,dreeds,Agaricus
2021-03-15T09:46:51.652Z,rrnoortman,fellyf3l
2016-07-19T05:46:23.519Z,Nath,Agaricus
2020-02-27T19:55:32.466Z,dans,ejain
2021-04-01T03:22:57.258Z,rain8dome9,davidhead
2021-02-09T18:41:06.291Z,myastark,ladybird
2019-04-27T16:51:58.502Z,Agaricus,thinkerdog
2019-09-25T17:59:46.406Z,Agaricus,Liam91
2017-06-08T19:03:29.914Z,Charlotte,Monade
2020-06-02T21:16:19.267Z,Agaricus,justin
2020-01-20T18:40:24.118Z,dangerousdashie,madprime
2017-03-16T14:48:03.936Z,Josh_Schneider,justintimmer
2017-06-13T17:21:38.989Z,ejain,saw2112
2020-02-04T20:42:41.290Z,Agaricus,sskaye
2018-10-24T02:39:37.927Z,matthewalangreen,Steven_Jonas
2019-08-28T05:53:08.919Z,rain8dome9,Agaricus
2020-11-11T17:28:03.000Z,Nicholas_Cameron,Agaricus
2017-10-08T09:05:40.825Z,markwkoester,logos
2016-02-18T01:27:57.092Z,nicbaz,Crazypedia
2017-02-28T18:18:02.748Z,sprague,IsaacGerg
2017-02-04T15:18:34.302Z,Emily_Porter,Emily_Porter
2020-07-05T20:24:23.453Z,one_man_experiment,LNP
2017-02-28T02:06:58.448Z,IsaacGerg,IsaacGerg
2016-10-05T08:07:47.597Z,sgak,Agaricus
2017-02-04T15:22:37.116Z,Emily_Porter,Emily_Porter
2017-05-10T18:05:01.768Z,Jacky,OP_Engr
2020-07-04T00:46:45.676Z,rain8dome9,Agaricus
2017-07-04T17:22:15.016Z,ejain,amishra123
2020-07-05T08:32:07.891Z,LNP,one_man_experiment
2016-12-13T02:58:37.052Z,Dr.Strangelove,QuantifiedBob
2021-01-05T00:45:57.169Z,Said_Bouziane,Dan_Dascalescu
2018-09-25T16:11:44.211Z,QuantifiedBob,Agaricus
2020-12-09T17:31:46.008Z,LNP,measuredme
2018-03-19T23:53:44.992Z,viho,viho
2019-08-07T13:30:45.830Z,dwstclair,ejain
2019-04-15T16:23:50.981Z,sprague,dgartenberg
2018-12-14T20:51:05.355Z,Agaricus,ejain
2017-10-06T15:27:42.249Z,logos,markwkoester
2017-10-29T21:01:39.448Z,sprague,gronowski
2019-12-30T20:04:16.326Z,madprime,dangerousdashie
2016-03-26T16:19:18.733Z,jwillis84,theCyberMike
2020-02-06T05:54:55.974Z,sskaye,Agaricus
2020-09-13T20:55:36.614Z,ejain,rain8dome9
2020-02-28T17:22:59.519Z,ejain,dans
2021-02-09T18:40:16.832Z,myastark,Jeshyr
2019-09-25T13:35:06.157Z,Liam91,This_is_not_my_real_
2016-03-04T23:17:23.899Z,jwillis84,theCyberMike
2020-08-24T03:01:56.372Z,andrew123,rain8dome9
2020-06-09T05:53:12.357Z,ejain,mookiebearapps
2020-06-05T19:14:01.731Z,LNP,Agaricus
2018-10-03T22:04:46.524Z,Nomad,Agaricus
2019-03-29T23:08:24.361Z,Agaricus,dreeds
2018-10-30T22:11:24.807Z,ejain,diegoegonzalez
2020-06-01T08:41:29.366Z,michaelforrest,ejain
2016-09-21T00:56:45.400Z,ejain,sgak
2016-02-24T07:05:07.225Z,nicbaz,jwillis84
2016-10-13T19:07:22.245Z,Luke_Sleepwalker,Tashi689
2018-10-03T18:41:44.794Z,ejain,Agaricus
2020-10-03T15:13:30.690Z,entrifis,samirelanduk
2017-11-05T20:49:55.195Z,ejain,dmartin
2016-08-13T11:46:15.295Z,Cor-Jan,Luke_Sleepwalker
2020-12-03T17:39:06.433Z,ilmostromberg.com,Agaricus
2018-08-24T19:14:16.507Z,Agaricus,Dave_Albert
2020-01-20T18:36:41.211Z,dangerousdashie,Agaricus
2016-09-13T00:59:28.677Z,willempienaar,Amit_Kohli
2019-12-02T01:19:45.115Z,rain8dome9,madprime
2020-07-02T17:04:05.094Z,rain8dome9,rain8dome9
2016-07-10T19:30:03.480Z,BATBAT1,FirebrandAZ
2020-09-26T18:18:26.945Z,logos,LNP
2018-06-05T05:20:53.950Z,Agaricus,jamesflood1
2016-01-20T18:42:00.915Z,basisbreakdown,ejain
2020-02-05T19:11:42.863Z,dans,ejain
2020-08-26T19:55:57.707Z,QSMacChan,Marc_Mathys
2016-04-06T22:11:59.097Z,Denis_Malkov,basisbreakdown
2020-10-05T11:07:22.386Z,Guzik,LNP
2017-01-10T17:55:33.028Z,laikalee,lotusflyer
2016-08-15T23:19:46.749Z,Elo,Luke_Sleepwalker
2016-07-13T18:17:12.820Z,shashwatpradhan,mariacrosas
2019-01-29T16:22:39.233Z,Chuqi_Zeng,HughFennell
2019-07-01T20:54:34.083Z,JessicaK,madprime
2017-05-12T05:20:50.530Z,Praxiteles,danwich
2018-06-03T17:33:11.759Z,logos,ejain
2017-07-16T20:37:39.409Z,xbliss,ejain
2020-07-23T19:49:32.627Z,dreeds,Froukje
2018-09-26T00:55:54.352Z,myrhyme,DaveD
2020-07-30T19:25:29.130Z,rain8dome9,michaelforrest
2018-12-20T21:30:23.404Z,Kelly_Finn,azure
2017-02-10T20:35:21.250Z,Marc_Mathys,Agaricus
2021-03-09T12:46:52.098Z,Sergio,FORT_Simon
2020-08-30T15:02:04.066Z,LNP,rain8dome9
2017-07-06T18:31:30.340Z,Justin_Lawler,IsaacGerg
2019-02-08T01:18:56.174Z,kastan,fiddur
2016-12-13T03:29:55.933Z,pdsqiash83,HelloAsuka
2016-01-10T22:04:37.033Z,Tex_ARMY_FISTER,InghamNigel
2018-10-02T01:25:23.975Z,Nomad,ejain
2019-09-18T03:12:40.499Z,rain8dome9,ejain
2020-10-10T05:34:37.253Z,rain8dome9,samirelanduk
2017-05-02T06:23:37.508Z,Pavel_Zakharov,Tiziano_Munerato
2016-10-11T21:15:33.529Z,Albert_Braun,Albert_Braun
2017-09-24T16:13:31.658Z,logos,ejain
2016-03-02T16:26:19.190Z,ewhitley,bensima
2020-03-12T15:52:22.158Z,gedankenstuecke,pkuhar
2021-03-02T14:56:48.075Z,ADHDOptimized,LNP
2019-03-09T00:23:21.147Z,edie,Agaricus
2020-09-06T17:45:59.869Z,rain8dome9,Agaricus
2020-12-08T12:48:55.234Z,Nan_S,kddata
2017-01-10T18:16:48.077Z,ejain,chrisvdberge
2021-03-10T09:34:27.813Z,FORT_Simon,rain8dome9
2020-03-02T04:07:31.469Z,dans,Kiipo_Chris
2019-08-26T16:38:40.378Z,Agaricus,OP_Engr
2016-10-11T23:48:51.970Z,Crazypedia,EricSF
2020-05-19T20:40:13.149Z,rain8dome9,LNP
2018-09-02T23:08:15.126Z,Ebrucia1,AnnaFranziskaMichel
2017-05-12T16:41:23.251Z,azure,Agaricus
2020-05-30T01:25:52.583Z,Steven_Jonas,Said_Bouziane
2018-08-25T19:32:17.910Z,Marc_Mathys,QuantifiedBob
2020-10-22T15:12:34.075Z,Agaricus,davidhead
2018-07-31T01:27:17.030Z,Agaricus,Benjamin_Smarr
2016-09-06T01:12:26.042Z,Heleana_Quartey,HashDefine
2020-05-16T05:57:28.119Z,dreeds,Agaricus
2017-02-28T23:42:41.198Z,sprague,IsaacGerg
2019-07-24T01:19:11.270Z,Steven_Jonas,dreeds
2019-10-18T17:36:38.127Z,dangerousdashie,ejain
2020-08-27T06:26:33.997Z,alexey,Agaricus
2017-01-13T22:02:35.974Z,chrisvdberge,Marc_Mathys
2020-06-05T18:12:26.215Z,rain8dome9,Agaricus
2020-08-19T14:12:57.041Z,mdavis,tomlawrence
2017-11-10T12:24:00.583Z,Adria,Potassium
2017-03-07T05:54:08.331Z,linrichard,QuantifiedBob
2020-04-11T17:13:15.970Z,davidhead,dreeds
2019-02-19T06:29:40.092Z,fiddur,fiddur
2017-01-04T14:49:28.179Z,Yan,Agaricus
2017-01-31T08:25:50.981Z,chrisvdberge,ejain
2020-07-23T08:09:10.860Z,gedankenstuecke,Agaricus
2016-05-04T02:03:07.143Z,Jackemeyer,Siva_Raj
2016-11-01T12:51:03.426Z,quantifiedlex,QuantifiedBob
2019-02-17T05:00:27.327Z,bookemdano,peterhatoz
2016-01-25T19:18:03.922Z,basisbreakdown,ejain
2016-06-20T20:23:03.270Z,Joshua_Mark,ejain
2019-07-16T16:43:16.406Z,camper2,rain8dome9
2021-04-01T03:53:03.430Z,rain8dome9,davidrusu
2021-01-08T09:39:43.373Z,gedankenstuecke,Yaroslav_Bulatov
2017-03-07T23:37:51.433Z,linrichard,boomer
2016-11-06T13:40:53.126Z,martinspanjaard,OP_Engr
2016-06-03T09:30:52.361Z,OP_Engr,Dan_Dascalescu
2016-09-13T12:11:28.505Z,Pavel_Zakharov,deeevader
2017-01-22T20:38:32.577Z,ejain,cjroth
2018-10-15T08:54:10.339Z,marcelvanderkuil,ejain
2020-03-25T04:14:00.808Z,ejain,gedankenstuecke
2017-01-05T01:25:14.970Z,QuantifiedBob,pmcg
2020-09-11T14:42:47.646Z,LNP,Robin_Groenke
2020-05-16T16:00:45.456Z,Said_Bouziane,Agaricus
2017-05-31T06:08:06.992Z,Agaricus,saw2112
2017-05-24T16:34:46.285Z,ernesto,ernesto
2017-07-14T14:42:28.944Z,Stephen_Burger,xbliss
2015-10-21T16:15:01.069Z,OP_Engr,mazz1
2019-04-30T21:33:30.898Z,logos,Dr_John
2019-04-28T21:12:18.225Z,timpyrkov,Dan_Dascalescu
2019-08-08T16:50:50.098Z,Beau_Gunderson,Agaricus
2018-09-30T13:26:51.099Z,Justin_Lawler,Valerie_Lanard
2020-06-17T04:28:07.872Z,ejain,rain8dome9
2015-12-20T12:21:03.830Z,woodinblack,verte
2018-11-12T23:58:38.337Z,rickroyphd,thinkerdog
2021-02-03T17:54:25.086Z,Agaricus,Said_Bouziane
2017-06-28T09:22:38.142Z,Tom,jina963
2016-04-14T17:22:39.079Z,ragin.jason,Conor_Flynn
2016-02-26T23:02:30.175Z,amac0,nicbaz
2020-08-30T15:05:16.145Z,LNP,QSMacChan
2018-12-04T19:08:59.038Z,Kelly_Finn,aaronc
2016-11-15T23:31:12.025Z,roxx,Marc_Mathys
2018-11-30T08:55:28.645Z,niwre,Joseph_Jameson
2018-11-26T01:52:56.813Z,ejain,mookiebearapps
2019-09-18T00:33:29.539Z,Steven_Jonas,ejain
2019-03-23T18:58:10.105Z,jasonjin,Agaricus
2021-01-02T20:48:05.154Z,Said_Bouziane,Agaricus
2020-10-14T09:57:09.985Z,LNP,ejain
2017-05-01T16:36:12.972Z,abake,adamwulf
2016-05-20T13:18:23.205Z,Infinome,ahirashiki
2021-02-06T06:08:21.862Z,ekerstein,sukazavr
2020-09-28T13:59:46.872Z,gedankenstuecke,hermandevries
2017-09-15T18:51:41.706Z,danwich,ejain
2017-01-22T13:50:06.616Z,chrisvdberge,justintimmer
2017-06-13T06:16:11.677Z,saw2112,OP_Engr
2017-03-27T17:14:07.673Z,Amith_vikram_Rangara,Amith_vikram_Rangara
2021-03-02T01:59:28.929Z,sprague,hr4v
2016-05-16T18:31:28.366Z,theCyberMike,nicbaz
2019-05-17T12:59:39.265Z,Guzik,quotidiansampler
2017-05-12T18:27:22.354Z,IsaacGerg,ejain
2020-10-06T14:44:58.947Z,LNP,JBDow
2018-08-02T13:05:41.362Z,gianlucatruda,azure
2019-09-15T20:10:15.697Z,German,Marc_Mathys
2017-01-26T13:19:18.566Z,duncan.banks,almi
2019-03-20T13:33:29.356Z,MySLOG,dragomir44
2020-07-09T07:21:27.449Z,JanCzech,ejain
2016-06-23T02:03:29.347Z,lotusflyer,sigwolf
2019-05-22T19:11:12.951Z,Agaricus,Miro01
2017-01-22T14:31:33.608Z,chrisvdberge,justintimmer
2020-05-30T03:18:52.608Z,Said_Bouziane,Steven_Jonas
2017-06-09T11:19:25.772Z,Charlotte,Monade
2018-09-30T19:08:54.158Z,ejain,Valerie_Lanard
2018-05-24T19:06:05.499Z,MiaG,ejain
2020-03-27T20:57:18.647Z,rain8dome9,ejain
2019-08-15T14:32:43.593Z,AppKnomee,matus.konecny
2021-02-15T19:56:35.029Z,ekerstein,Sergio
2017-02-08T15:03:38.047Z,Emily_Porter,donaldstahl
2015-12-20T04:08:54.820Z,mookiebearapps,johnadams
2020-10-08T16:14:49.666Z,LNP,JBDow
2016-10-06T18:03:32.840Z,Agaricus,Justin_Lawler
2016-03-04T05:43:11.149Z,jwillis84,theCyberMike
2019-05-10T14:04:06.515Z,AppKnomee,sprague
2019-03-09T17:24:47.168Z,Agaricus,edie
2017-02-09T05:31:27.914Z,BloomsburyLing,Agaricus
2017-05-15T06:12:23.400Z,siddharth,anomalily
2020-10-03T15:24:08.196Z,samirelanduk,entrifis
2017-05-02T18:49:47.404Z,Ralf_Rademacher,Pavel_Zakharov
2016-10-11T21:07:10.782Z,Albert_Braun,Omer_Yildiz16
2019-02-27T07:15:25.273Z,mdoe,Dan_Dascalescu
2016-08-29T05:49:05.890Z,tachtevrenidis,Luke_Sleepwalker
2020-05-19T17:14:00.885Z,LNP,dreeds
2017-01-16T09:28:27.345Z,chrisvdberge,Sergio
2020-07-08T07:47:04.816Z,ejain,rain8dome9
2021-03-11T19:21:58.259Z,rain8dome9,FORT_Simon
2020-09-06T17:59:32.784Z,rain8dome9,rain8dome9
2020-07-10T08:25:54.258Z,michaelforrest,ejain
2021-02-09T18:39:40.130Z,myastark,ekerstein
2019-07-18T22:03:25.679Z,rain8dome9,dreeds
2017-01-03T15:58:46.713Z,Yan,ejain
2020-03-01T05:07:20.032Z,dans,ejain
2018-01-15T11:48:08.864Z,Boone,fiddur
2016-04-27T23:00:10.288Z,Siva_Raj,Marco_Altini
2017-03-07T05:50:29.458Z,linrichard,Steven_Jonas
2017-11-11T14:01:27.889Z,Potassium,Adria
2020-11-21T09:26:07.362Z,Adrian_Bethell,Mike
2017-01-22T17:17:48.598Z,Marc_Mathys,chrisvdberge
2020-06-15T10:45:45.470Z,gjusaityte,LNP
2017-10-25T03:12:52.739Z,Elo,Guzik
2019-02-21T07:50:01.704Z,MySLOG,fiddur
2017-06-08T20:44:37.772Z,Greg_Yeutter,Charlotte
2016-04-29T03:51:01.204Z,Siva_Raj,ejain
2015-10-22T11:59:09.826Z,Ton_de_Graaff,Danielle_r
2020-06-06T01:08:21.386Z,Said_Bouziane,Agaricus
2020-08-13T15:22:16.182Z,Agaricus,ejain
2020-02-25T06:02:14.645Z,Kiipo_Chris,Agaricus
2019-06-28T19:55:26.789Z,rain8dome9,Nanodot
2021-04-01T02:35:44.696Z,davidrusu,rain8dome9
2019-04-26T23:44:54.763Z,thinkerdog,thinkerdog
2019-02-17T18:52:51.269Z,bookemdano,bookemdano
2018-07-12T14:14:15.855Z,FuelMan,WithACee
2017-05-12T19:55:30.188Z,Steven_Jonas,cjroth
2020-02-25T09:29:32.257Z,gedankenstuecke,ejain
2016-08-13T11:26:25.870Z,Cor-Jan,_AmandaJW
2018-03-14T22:58:35.820Z,JohnBicknell,Adam_C_Leibsohn
2020-07-16T13:59:09.223Z,corbenspears,Agaricus
2020-11-16T09:19:06.794Z,ekerstein,rain8dome9
2020-11-14T16:34:12.276Z,thefedoration,srbd
2017-02-04T13:33:32.285Z,Emily_Porter,chrisvdberge
2017-06-20T07:38:23.921Z,Jacky,Agaricus
2019-01-29T18:56:26.863Z,PigsCanFly2day,ejain
2020-07-09T18:14:57.536Z,rain8dome9,ejain
2016-02-26T10:50:26.937Z,nicbaz,nicbaz
2020-02-21T05:03:08.339Z,dans,jakobeglarsen
2016-09-22T17:10:58.904Z,Luke_Sleepwalker,Agaricus
2021-02-08T07:50:11.959Z,Said_Bouziane,Agaricus
2016-08-07T20:29:12.243Z,Skav,dreeves
2020-07-02T16:53:28.231Z,rain8dome9,Agaricus
2015-12-18T17:35:06.135Z,verte,woodinblack
2020-08-04T22:52:49.171Z,Mike,Agaricus
2015-12-03T21:50:03.000Z,BsleeperS,woodinblack
2020-11-18T08:09:13.005Z,LNP,Robin_Groenke
2016-11-15T23:28:30.468Z,roxx,QuantifiedBob
2016-02-27T06:44:20.515Z,nicbaz,amac0
2019-05-22T16:08:13.839Z,Valeria_Pannunzio,ejain
2016-04-18T16:19:10.603Z,Conor_Flynn,ragin.jason
2020-01-26T23:46:50.603Z,sskaye,sskaye
2020-07-29T08:22:14.614Z,michaelforrest,ejain
2017-05-01T17:10:12.472Z,adamwulf,abake
2017-07-20T18:41:38.559Z,azure,danwich
2016-07-17T10:21:23.113Z,woodinblack,theCyberMike
2016-08-23T01:00:29.706Z,QuantifiedBob,Justin_Lawler
2017-01-05T12:44:51.016Z,florian,Schurger
2020-08-20T14:22:19.276Z,LNP,ezma26
2016-07-20T07:10:21.297Z,Sagado,Luke_Sleepwalker
2020-09-28T14:42:42.951Z,LNP,alexey
2017-02-14T21:22:35.789Z,Zennode,pfh
2020-02-24T14:31:34.988Z,sskaye,ejain
2020-05-20T20:47:42.294Z,rain8dome9,Said_Bouziane
2018-09-27T15:18:42.847Z,ericjdaza,SharaRaqs
2017-01-16T09:10:26.628Z,chrisvdberge,IanC
2016-01-22T03:22:12.327Z,Dan_Dascalescu,basisbreakdown
2020-09-22T17:15:37.510Z,LNP,Robin_Groenke
2019-09-18T00:29:37.302Z,Steven_Jonas,thinkerdog
2018-07-31T16:34:17.691Z,Agaricus,Benjamin_Smarr
2016-02-20T08:28:57.535Z,dreeves,dreeves
2020-10-07T10:21:53.681Z,LNP,Marc_Mathys
2019-03-29T20:32:20.068Z,sprague,JessicaK
2016-08-23T02:15:41.672Z,Elo,Justin_Lawler
2021-03-02T22:08:13.427Z,hr4v,sprague
2017-01-22T14:33:52.669Z,justintimmer,chrisvdberge
2020-09-29T01:01:22.122Z,mavram,Sergio
2016-12-16T21:39:14.042Z,danwich,Jason_Stone
2019-09-03T19:43:13.732Z,madprime,Agaricus
2019-01-23T04:34:46.897Z,kastan,ericjdaza
2018-08-25T01:08:19.562Z,mookiebearapps,Agaricus
2020-07-08T15:20:39.440Z,Agaricus,ejain
2016-08-26T20:12:31.961Z,patbuen,madprime
2019-08-08T19:02:24.722Z,Agaricus,Beau_Gunderson
2019-05-03T10:53:30.487Z,Sergio,quotidiansampler
2021-03-10T06:09:45.317Z,rain8dome9,Sergio
2019-02-08T02:00:21.992Z,sprague,kastan
2020-06-05T22:27:49.780Z,cmurray,ejain
2017-01-28T00:07:34.513Z,adamonkey,justintimmer
2020-08-29T22:39:33.128Z,rain8dome9,LNP
2019-10-23T03:44:45.079Z,Ethans100,ejain
2016-12-11T09:38:23.340Z,marcelvanderkuil,Agaricus
2017-03-08T21:34:18.933Z,Emily_Porter,danwich
2018-06-05T18:33:58.006Z,granadajose,CSWotton
2017-05-12T07:11:49.622Z,Jacky,azure
2020-06-29T23:16:32.301Z,Agaricus,rain8dome9
2020-09-11T16:14:10.877Z,ejain,LNP
2017-01-10T20:42:33.325Z,chrisvdberge,ejain
2017-05-08T23:43:51.995Z,Jacob,rsolfest
2016-02-18T09:25:06.711Z,nicbaz,jwillis84
2020-03-24T18:42:56.300Z,gedankenstuecke,gedankenstuecke
2018-06-05T05:27:25.921Z,Agaricus,yamro
2018-03-20T09:52:17.135Z,Ryan_Pergent,viho
2017-01-30T19:32:00.519Z,ejain,shashwatpradhan
2017-03-07T23:36:45.425Z,linrichard,justintimmer
2016-03-14T20:45:31.869Z,jwillis84,theCyberMike
2020-06-05T17:51:43.674Z,Agaricus,rain8dome9
2019-07-24T03:12:38.766Z,dreeds,Steven_Jonas
2018-07-30T20:41:27.520Z,gianlucatruda,azure
2020-05-16T06:03:02.016Z,dreeds,fiddur
2019-06-25T17:35:52.287Z,rain8dome9,Steven_Jonas
2020-02-13T00:25:28.715Z,davidhead,ejain
2018-12-14T18:55:56.697Z,Kevin_Allen,sprague
2017-02-21T15:37:35.704Z,hermandevries,Agaricus
2020-06-08T19:55:15.663Z,mookiebearapps,ejain
2016-11-16T22:52:43.174Z,Majedah,AluminumBird
2018-01-14T02:23:17.903Z,Boone,ejain
2016-09-25T17:41:58.942Z,kappa962,Agaricus
2020-12-23T00:18:20.147Z,mathjeff,rain8dome9
2019-03-29T20:12:28.045Z,dreeds,Agaricus
2018-10-02T17:45:58.190Z,ejain,Nomad
2017-06-30T19:07:50.356Z,ejain,hermes
2016-10-25T16:21:39.911Z,Luke_Sleepwalker,justintimmer
2020-03-01T06:52:37.396Z,Kiipo_Chris,dans
2016-01-30T20:47:14.783Z,fitnessaps,berdelyi
2021-03-02T19:01:33.798Z,LNP,ADHDOptimized
2015-12-02T07:54:26.222Z,maxaura,Dan_Dascalescu
2018-11-18T02:49:03.070Z,OnlineQuantifier,Kelly_Finn
2016-09-17T19:22:23.301Z,Sasha_Savsunenko,chengangcs
2016-08-07T12:19:28.583Z,justintimmer,QuantifiedBob
2018-10-14T12:37:18.024Z,marcelvanderkuil,Agaricus
2021-03-19T15:33:47.162Z,Helma_T,Sara.zimmermann
2018-12-21T13:15:24.693Z,Lonetramp,matthewalangreen
2020-07-25T05:55:17.239Z,michaelforrest,ejain
2020-01-29T14:57:18.959Z,sskaye,Agaricus
2016-03-03T22:00:03.544Z,woodinblack,Jay_Aitchsee
2020-07-19T10:31:29.817Z,Said_Bouziane,Agaricus
2017-01-24T22:49:33.876Z,Agaricus,viho
2019-12-05T23:51:50.074Z,madprime,rain8dome9
2016-09-16T18:57:58.177Z,Steven_Jonas,HashDefine
2018-09-30T17:26:20.270Z,marcelvanderkuil,j3rry
2016-02-21T11:23:28.445Z,hyojunwoo,Christian_Kleineidam
2016-01-20T18:33:15.990Z,ejain,basisbreakdown
2017-01-22T13:59:58.004Z,justintimmer,chrisvdberge
2016-02-16T15:26:01.049Z,Crazypedia,nicbaz
2020-09-23T00:37:27.066Z,Ryan_Parker,LNP
2019-06-21T18:46:25.963Z,granadajose,StevenJTaylor
2016-06-23T11:17:05.205Z,sigwolf,lotusflyer
2019-03-17T22:40:19.405Z,JessicaK,Agaricus
2020-10-05T13:25:17.290Z,LNP,Guzik
2020-07-31T16:29:51.734Z,Agaricus,rain8dome9
2017-05-12T19:36:38.087Z,IsaacGerg,ejain
2020-08-08T10:39:07.196Z,alexey,Sergio
2019-01-08T14:59:47.426Z,fiddur,fiddur
2017-03-05T13:17:50.459Z,QuantifiedBob,Agaricus
2018-09-05T14:20:00.324Z,mookiebearapps,ejain
2019-08-30T17:02:11.262Z,Agaricus,madprime
2019-05-16T13:30:46.422Z,cfuarte,Stephen_Burger
2020-10-14T16:25:01.046Z,ejain,LNP
2017-07-18T00:05:22.615Z,ejain,xbliss
2016-05-20T14:20:59.378Z,ahirashiki,Infinome
2017-01-27T01:19:30.365Z,almi,Agaricus
2016-08-09T21:55:30.038Z,Jackemeyer,Justin_Lawler
2017-01-09T16:14:31.004Z,quicklime,florian
2016-04-19T21:04:23.372Z,theCyberMike,theCyberMike
2015-10-19T23:52:38.603Z,cjroth,Skav
2019-04-01T16:09:33.317Z,realNathanCheng,kastan
2017-05-05T19:54:35.077Z,qmys,variousred
2017-07-10T08:21:16.638Z,MichaelJD,AmirMarashi
2017-03-23T09:16:43.225Z,justintimmer,Justin_Lawler
2018-11-27T02:47:06.459Z,mookiebearapps,ejain
2021-01-05T14:18:38.813Z,thefedoration,Jeshyr
2016-03-04T16:05:04.764Z,jwillis84,jwillis84
2021-03-08T13:29:27.404Z,Sergio,srbd
2019-05-14T10:39:48.738Z,Valeria_Pannunzio,ejain
2018-12-03T17:42:19.465Z,Agaricus,Wheaticus
2016-12-22T00:10:04.104Z,Krishnan,Sergio
2020-07-15T08:42:42.463Z,Sergio,m_ar
2015-12-03T20:35:47.236Z,BsleeperS,woodinblack
2020-07-02T18:35:28.832Z,rain8dome9,stibeck
2016-12-22T21:28:47.799Z,Sergio,Sergio
2018-06-01T16:33:24.918Z,callieg,ejain
2020-07-15T07:36:19.772Z,m_ar,ejain
2017-02-02T20:06:34.957Z,danwich,chrisvdberge
2015-12-03T20:54:34.024Z,woodinblack,BsleeperS
2020-07-02T22:49:08.883Z,ejain,stibeck
2017-07-21T07:13:45.444Z,Justin_Lawler,xbliss
2016-03-04T18:36:41.850Z,jwillis84,jwillis84
2021-03-09T08:42:55.667Z,FORT_Simon,srbd
2019-05-14T10:43:27.286Z,Valeria_Pannunzio,Agaricus
2016-05-20T14:24:32.951Z,Infinome,ahirashiki
2016-08-08T23:24:29.803Z,Elo,Amit_Kohli
2017-01-09T15:31:35.724Z,Jack_Hatfield,Schurger
2017-05-12T12:58:49.634Z,IsaacGerg,danwich
2015-10-19T22:33:29.429Z,Skav,cjroth
2019-04-01T02:59:01.934Z,kastan,quantifiedketonian
2020-02-12T18:23:30.434Z,dans,QuantifiedBob
2016-01-21T04:45:23.901Z,pbaxi,Dan_Dascalescu
2019-06-04T09:40:04.374Z,Mizal,gianlucatruda
2019-08-29T23:26:02.249Z,madprime,Agaricus
2016-08-15T10:05:54.468Z,Zackman1959,QuantifiedBob
2020-07-30T21:39:12.130Z,rain8dome9,rain8dome9
2017-10-09T18:54:56.478Z,ejain,markwkoester
2017-01-22T14:11:00.335Z,chrisvdberge,justintimmer
2016-01-20T17:25:04.924Z,basisbreakdown,ejain
2020-11-16T18:46:33.507Z,LNP,rain8dome9
2016-02-16T06:07:35.963Z,nicbaz,Crazypedia
2019-04-26T22:56:13.422Z,quotidiansampler,Dr_John
2019-06-21T18:43:15.455Z,granadajose,Agaricus
2019-09-27T16:07:08.428Z,Valeria_Pannunzio,Agaricus
2020-07-17T20:40:30.077Z,Agaricus,Agaricus
2017-01-24T02:09:47.490Z,viho,Agaricus
2019-05-01T17:25:27.179Z,logos,quotidiansampler
2018-09-30T17:21:17.931Z,marcelvanderkuil,Justin_Lawler
2016-03-09T12:19:56.844Z,Christian_Kleineidam,hyojunwoo
2018-12-14T20:54:45.506Z,Agaricus,ejain
2020-01-29T15:00:00.516Z,sskaye,Agaricus
2018-11-28T01:23:40.884Z,Kelly_Finn,OnlineQuantifier
2018-08-30T23:42:13.078Z,mookiebearapps,Agaricus
2018-10-14T12:41:45.784Z,marcelvanderkuil,ejain
2018-06-22T20:41:09.279Z,wkrasl,ejain
2020-03-01T05:04:36.936Z,dans,Kiipo_Chris
2017-02-04T12:00:56.282Z,Emily_Porter,Marc_Mathys
2020-09-10T12:57:44.266Z,LNP,Robin_Groenke
2015-12-10T15:56:18.571Z,ejain,QuantifiedBob
2020-10-19T15:21:37.091Z,kerstinxx,ilmostromberg.com
2018-10-29T00:50:59.732Z,ejain,QuantifiedBob
2018-01-24T23:15:09.076Z,Steven_Jonas,QuantifiedBob
2018-01-13T22:40:01.643Z,ejain,Boone
2017-12-04T14:23:59.225Z,lassef123,nascenta
2018-12-17T06:34:08.802Z,rickroyphd,ejain
2016-03-06T03:09:24.237Z,jwillis84,theCyberMike
2019-07-24T23:23:36.318Z,rain8dome9,Steven_Jonas
2019-04-25T18:44:27.466Z,Agaricus,Dr_John
2018-01-24T23:06:54.332Z,Steven_Jonas,Monika1989
2015-11-20T03:37:57.234Z,Madhvi_Upender,ejain
2020-09-11T19:46:29.733Z,ejain,rain8dome9
2019-06-17T19:22:21.165Z,Steven_Jonas,madprime
2020-06-23T15:02:53.021Z,LNP,Christian_Michael
2017-06-13T02:31:44.156Z,saw2112,shashwatpradhan
2015-10-06T21:17:06.173Z,TomW_Johns_Hopkins,ejain
2016-11-11T21:53:18.030Z,HashDefine,Agaricus
2016-03-24T13:15:41.845Z,amac0,theCyberMike
2017-06-08T16:03:27.611Z,Charlotte,Bex
2020-06-03T22:19:47.412Z,rain8dome9,Agaricus
2016-01-23T15:10:15.874Z,Jason_Miller,uxgreg
2020-03-16T19:40:17.214Z,gedankenstuecke,ejain
2017-05-10T14:29:34.238Z,ScreenAware,Elo
2015-10-22T19:56:18.438Z,sleep_doc,rahuln
2016-12-08T04:20:35.919Z,kpfleger,Mikey_Sklar
2018-09-18T23:47:39.649Z,Kylealexgrant,Kylealexgrant
2017-02-04T15:59:13.292Z,Emily_Porter,justintimmer
2020-05-23T21:41:24.702Z,Said_Bouziane,ejain
2017-05-09T00:12:14.999Z,rsolfest,Jacob
2016-02-18T02:44:28.760Z,jwillis84,nicbaz
2016-10-06T16:27:47.320Z,Luke_Sleepwalker,OP_Engr
2016-03-04T03:05:43.317Z,jwillis84,theCyberMike
2016-01-09T21:44:27.373Z,Curious,cmurray
2020-08-13T15:00:19.345Z,LNP,dreeds
2016-11-30T23:21:43.119Z,Elo,Agaricus
2016-12-11T08:14:21.629Z,marcelvanderkuil,Marc_Mathys
2017-02-08T16:46:41.537Z,Emily_Porter,QuantifiedBob
2016-10-11T15:33:38.169Z,katrin48,davedonohue
2019-08-08T20:46:01.792Z,ejain,Beau_Gunderson
2019-04-30T21:37:43.465Z,logos,positron
2019-11-20T18:17:57.616Z,alexriabtsev,logos
2018-10-02T18:07:01.287Z,Agaricus,maggied
2017-06-11T11:12:53.211Z,Charlotte,Greg_Yeutter
2016-10-27T20:30:50.613Z,Timeboost,quantifiedlex
2016-02-19T07:00:42.192Z,shashwatpradhan,mariacrosas
2020-09-29T01:10:52.070Z,mavram,LNP
2019-01-14T16:16:39.447Z,gianlucatruda,Michal_Guzowski
2016-05-13T22:30:27.978Z,ejain,Dan_Dascalescu
2019-03-18T06:08:55.373Z,MySLOG,Agaricus
2019-03-17T03:52:47.743Z,JessicaK,ejain
2018-07-31T16:31:32.836Z,Benjamin_Smarr,Agaricus
2019-04-07T20:31:36.977Z,realNathanCheng,rain8dome9
2018-12-03T20:03:09.894Z,Simona_Podova,amreshjha
2016-08-27T18:31:37.481Z,QuantifiedBob,Elo
2019-10-02T23:22:00.925Z,Steven_Jonas,samkale
2020-02-09T18:50:43.190Z,dans,ejain
2021-01-31T18:42:20.250Z,Agaricus,QuantifyU
2020-05-21T08:27:19.257Z,michaelforrest,Said_Bouziane
2018-09-27T15:15:20.390Z,ericjdaza,Agaricus
2016-01-21T23:41:39.986Z,basisbreakdown,Dan_Dascalescu
2017-01-16T11:46:38.686Z,IanC,chrisvdberge
2020-10-21T13:06:21.722Z,basharov,srbd
2016-03-31T17:16:45.505Z,basisbreakdown,Daniel878
2016-02-23T00:43:15.295Z,cjroth,MollyMaloofMD
2017-05-01T20:12:22.269Z,abake,adamwulf
2018-10-29T14:35:11.487Z,rickroyphd,Agaricus
2017-01-05T00:58:50.569Z,QuantifiedBob,pmcg
2018-03-20T16:44:08.140Z,Mikey_Sklar,IsaacGerg
2016-07-16T18:09:06.806Z,stewart11,theCyberMike
2019-05-19T02:10:02.954Z,rain8dome9,mookiebearapps
2018-11-28T01:25:22.119Z,Kelly_Finn,Seanny123
2020-09-28T13:01:01.190Z,alexey,LNP
2020-11-18T08:08:34.867Z,LNP,OP_Engr
2016-02-27T06:46:41.007Z,nicbaz,amac0
2020-07-29T19:09:10.572Z,ejain,michaelforrest
2016-01-09T23:39:49.046Z,cmurray,Curious
2019-08-15T23:13:53.331Z,Beau_Gunderson,Agaricus
2016-08-08T09:01:00.774Z,TheNotifiedSelf,Skav
2018-11-02T04:02:14.261Z,rickroyphd,Agaricus
2016-03-08T17:03:37.631Z,basisbreakdown,ejain
2015-12-03T22:13:58.090Z,woodinblack,BsleeperS
2017-01-18T20:32:36.018Z,Agaricus,stefanco
2018-09-27T02:51:59.435Z,Valerie_Lanard,Justin_Lawler
2020-11-19T16:20:56.600Z,LNP,ekerstein
2019-08-28T17:20:36.320Z,Agaricus,rain8dome9
2020-05-18T16:35:46.075Z,Cyril_Bouthors,Agaricus
2017-07-13T12:04:17.519Z,xbliss,ThinkRace_Technology
2017-02-04T15:13:49.355Z,Emily_Porter,Marc_Mathys
2020-08-24T02:02:42.377Z,rain8dome9,rain8dome9
2016-02-26T06:15:29.144Z,nicbaz,amac0
2020-06-08T07:49:28.997Z,LNP,srbd
2020-03-25T20:03:34.935Z,ejain,OP_Engr
2017-05-12T19:55:15.399Z,cjroth,Steven_Jonas
2020-02-25T04:21:58.599Z,ejain,gedankenstuecke
2016-06-19T20:34:04.573Z,lotusflyer,lotusflyer
2016-08-13T06:09:37.594Z,_AmandaJW,Luke_Sleepwalker
2016-09-06T05:16:15.258Z,Agaricus,ejain
2018-09-26T04:50:29.271Z,thinkerdog,QuantifiedBob
2017-04-14T01:21:02.037Z,cartereducation,Sergio
2020-07-27T08:27:39.489Z,corbenspears,Agaricus
2016-11-27T03:05:53.805Z,Agaricus,martinspanjaard
2020-08-17T07:26:26.696Z,Dipdap,ejain
2020-09-25T17:08:30.325Z,sprague,hermandevries
2020-02-25T22:37:05.580Z,azure,Kiipo_Chris
2021-04-01T03:07:02.492Z,rain8dome9,davidrusu
2019-04-26T23:42:48.707Z,thinkerdog,Agaricus
2020-06-19T01:50:55.545Z,dreeds,LNP
2016-06-19T11:43:10.578Z,justintimmer,Steven_Jonas
2019-07-04T18:00:54.114Z,rain8dome9,rain8dome9
2020-04-12T15:14:45.833Z,rain8dome9,ejain
2020-08-12T16:15:02.590Z,LNP,mmschladen
2020-05-15T15:24:09.005Z,davidhead,Agaricus
2019-02-24T19:36:18.767Z,ejain,fiddur
2016-05-16T16:36:16.976Z,Leo_Dion,justintimmer
2017-11-11T14:16:19.299Z,Marc_Mathys,Potassium
2020-11-24T19:16:30.397Z,Agaricus,Adrian_Bethell
2020-08-19T00:57:19.390Z,xman2012,mdavis
2017-01-13T22:27:51.869Z,chrisvdberge,EricSF
2018-07-03T02:23:50.463Z,liuk001,gururise
2020-06-11T15:13:12.259Z,LNP,gjusaityte
2019-02-21T14:21:01.354Z,fiddur,MySLOG
2017-06-08T19:05:59.575Z,Charlotte,Greg_Yeutter
2017-01-03T19:19:33.516Z,ejain,Yan
2019-04-19T00:30:14.801Z,Steven_Jonas,quotidiansampler
2018-01-15T07:11:10.660Z,fiddur,Boone
2020-09-13T21:07:02.096Z,rain8dome9,ejain
2016-08-31T23:17:42.610Z,RubyJ,HashDefine
2020-05-14T04:19:17.526Z,dreeds,Agaricus
2021-04-01T03:13:47.578Z,rain8dome9,davidhead
2020-07-07T21:09:36.739Z,rain8dome9,Agaricus
2018-07-31T12:17:46.874Z,Eric_Rassman,AnnaFranziskaMichel
2016-12-18T23:00:04.524Z,Elo,sarte
2021-03-11T09:07:29.517Z,FORT_Simon,rain8dome9
2018-07-10T17:09:25.574Z,Agaricus,Oleg_Kalyta
2019-08-07T05:14:58.321Z,dwstclair,ejain
2019-09-21T04:18:39.335Z,rain8dome9,Liam91
2020-11-11T13:27:47.997Z,Nicholas_Cameron,mookiebearapps
2020-03-12T04:33:42.052Z,pkuhar,mookiebearapps
2016-10-07T17:37:36.784Z,Luke_Sleepwalker,Omer_Yildiz16
2016-08-29T05:47:31.165Z,tachtevrenidis,madprime
2016-11-28T06:50:03.576Z,kpfleger,kpfleger
2016-12-13T07:31:39.968Z,nez,ejain
2016-02-19T08:01:51.521Z,jwillis84,nicbaz
2019-01-23T00:29:48.341Z,Lisa_Cao,kastan
2020-05-28T01:02:17.446Z,Said_Bouziane,Agaricus
2020-10-03T15:10:41.767Z,davidhead,LNP
2016-07-20T03:08:24.050Z,alpha_lsjfsa,alpha_lsjfsa
2018-02-18T02:20:57.517Z,ejain,jmccorison
2021-01-08T06:17:41.416Z,ejain,Said_Bouziane
2016-08-30T17:49:00.683Z,madprime,patbuen
2018-01-17T01:23:09.179Z,EmilyValerie,Adria
2020-07-23T08:49:02.701Z,michaelforrest,ejain
2016-12-20T09:48:28.982Z,justintimmer,Dan_Dascalescu
2017-06-05T12:49:29.641Z,omegaterus,Vivactiv
2020-08-20T14:27:20.508Z,LNP,ejain
2016-11-16T10:03:25.059Z,_AmandaJW,justintimmer
2016-10-31T20:07:42.316Z,Josh_Schneider,Agaricus
2015-11-19T12:32:02.390Z,fabiola.gattringer,rsol
2019-04-25T19:36:39.137Z,Steven_Jonas,Dr_John
2020-10-16T17:24:44.221Z,gedankenstuecke,Agaricus
2019-02-20T15:35:35.871Z,QuantifiedBob,ejain
2020-07-29T22:42:06.234Z,ejain,Agaricus
2018-10-31T10:56:16.669Z,marytownjob,ejain
2016-12-21T17:19:40.847Z,Marquis_Butler,TheNotifiedSelf
2017-06-13T06:08:54.930Z,JonCousins,anitha
2021-03-19T12:15:47.862Z,glfharris,bretbernhoft
2019-02-27T15:25:25.458Z,Helma_T,fiddur
2017-04-01T21:16:45.970Z,Amith_vikram_Rangara,Agaricus
2015-10-30T20:44:15.213Z,arober11,davedonohue
2020-12-22T17:44:37.377Z,kate,ejain
2016-11-15T06:01:08.097Z,ejain,pdsqiash83
2019-08-29T11:16:10.547Z,Valeria_Pannunzio,Agaricus
2016-10-26T15:57:12.141Z,Luke_Sleepwalker,OP_Engr
2020-11-24T20:49:48.524Z,Shelbey,Agaricus
2018-06-28T13:14:56.173Z,wkrasl,ramsha
2017-02-04T10:34:28.480Z,chrisvdberge,Emily_Porter
2016-02-23T20:37:43.985Z,nicbaz,nicbaz
2020-07-31T17:54:13.506Z,tomkintner,Agaricus
2016-02-29T16:47:22.651Z,ejain,gbalfi
2021-01-08T18:22:26.564Z,ilmostromberg.com,NathanG
2021-01-12T21:41:15.337Z,Said_Bouziane,Agaricus
2018-06-21T13:17:50.355Z,Mikkelsen,marcelvanderkuil
2017-02-15T17:30:40.166Z,pfh,danwich
2017-05-29T03:03:18.872Z,Steven_Jonas,mellowyellow
2016-08-02T22:42:42.293Z,Luke_Sleepwalker,Justin_Lawler
2019-03-27T07:13:44.610Z,marcelvanderkuil,Marc_Mathys
2020-07-24T08:53:21.450Z,michaelforrest,Said_Bouziane
2016-02-17T18:24:05.872Z,ewhitley,ewhitley
2016-07-15T00:38:13.587Z,Agaricus,Mikey_Sklar
2019-12-19T19:47:35.571Z,rain8dome9,gedankenstuecke
2019-06-05T07:32:00.675Z,Dan_Dascalescu,thinkerdog
2016-04-08T16:22:14.028Z,dnafus,ejain
2020-07-09T22:04:12.010Z,JessicaK,Agaricus
2017-01-06T02:41:25.184Z,Qot,ejain
2018-12-14T00:58:20.773Z,Steven_Jonas,ejain
2017-12-12T08:54:31.525Z,MichaelG,MichaelJD
2020-11-13T15:55:21.841Z,Justin_Lawler,LNP
2016-02-02T17:55:33.976Z,Beau_Gunderson,Infinome
2020-05-06T05:30:47.712Z,Nor_Newman,David_Gonzalez
2016-08-14T15:39:08.408Z,Agaricus,Amit_Kohli
2019-07-25T23:21:45.103Z,Steven_Jonas,dgorski
2017-05-10T21:46:11.289Z,mulhollandQS,IsaacGerg
2019-01-09T09:06:54.831Z,fiddur,ejain
2020-11-01T16:44:11.628Z,LNP,JBL
2018-07-27T22:43:44.955Z,Agaricus,gedankenstuecke
2016-01-22T17:42:04.391Z,basisbreakdown,pbaxi
2020-08-10T14:50:12.655Z,LNP,CharlesAlexandreRoy
2016-08-11T10:42:13.808Z,Amit_Kohli,QuantifiedBob
2019-02-24T20:06:33.746Z,ejain,rickroyphd
2017-01-10T03:06:26.387Z,lotusflyer,quicklime
2021-01-01T20:42:46.148Z,Said_Bouziane,Agaricus
2017-02-08T03:33:35.310Z,David_Brooks,Praxiteles
2019-05-14T15:44:37.146Z,rain8dome9,rain8dome9
2019-03-30T00:36:55.632Z,realNathanCheng,kastan
2020-10-08T07:49:52.703Z,LNP,JBDow
2015-10-17T18:41:53.696Z,cjroth,ejain
2019-08-06T22:50:59.187Z,rain8dome9,Agaricus
2017-02-01T17:33:16.226Z,ejain,Dan_Dascalescu
2021-01-04T16:49:50.830Z,thefedoration,Jeshyr
2021-03-04T10:06:12.305Z,FORT_Simon,FORT_Simon
2019-12-04T18:29:23.149Z,cyberthal,Agaricus
2017-05-21T18:56:19.399Z,ejain,xbliss
2019-06-18T19:51:10.621Z,cfuarte,dreeds
2017-04-01T16:44:05.880Z,Agaricus,duncan.banks
2021-04-01T12:21:21.653Z,Jan_Antolik,LNP
2017-01-31T20:21:09.501Z,chrisvdberge,danwich
2019-08-09T16:00:44.037Z,Beau_Gunderson,Agaricus
2017-02-20T04:04:58.564Z,slundberg,Emily_Porter
2020-03-10T20:34:34.386Z,toddrimes,rain8dome9
2020-03-07T12:03:39.768Z,mookiebearapps,ejain
2018-07-30T11:29:22.092Z,Justin_Lawler,Agaricus
2020-01-13T06:07:50.552Z,Agaricus,Al_Zambo
2016-10-10T20:19:54.664Z,ejain,Dan_Dascalescu
2016-08-11T12:52:15.610Z,_AmandaJW,ejain
2016-08-29T05:55:16.891Z,tachtevrenidis,Sagado
2016-07-22T09:27:22.925Z,TheNotifiedSelf,Qot
2021-01-09T04:26:41.295Z,Said_Bouziane,ejain
2020-10-14T16:30:35.685Z,ejain,xman2012
2016-05-12T14:08:03.797Z,IanC,IanC
2020-03-24T04:49:36.644Z,ejain,Suresh_Murthy
2017-01-24T20:38:44.541Z,IsaacGerg,ejain
2021-01-26T19:23:30.264Z,JonCousins,bretbernhoft
2016-02-22T22:16:03.315Z,jwillis84,Crazypedia
2016-08-18T00:23:50.319Z,ejain,Agaricus
2018-06-28T15:24:25.515Z,nikf91,Marc_Mathys
2017-05-23T21:27:16.092Z,ejain,bob.lansdorp
2016-04-07T08:43:22.072Z,5heyeenl1ew,ejain
2018-08-27T18:44:17.165Z,QuantifiedBob,gianlucatruda
2020-10-03T15:02:35.553Z,davidhead,Agaricus
2018-10-29T12:13:26.438Z,Omri_Mendels,fiddur
2016-08-30T14:07:17.916Z,justintimmer,RubyJ
2020-09-30T08:10:45.021Z,michaelforrest,Agaricus
2017-07-19T18:29:20.005Z,ejain,Tahl
2020-08-18T18:12:45.485Z,xman2012,mdavis
2017-11-13T12:35:11.880Z,Adria,Potassium
2016-04-14T20:37:27.002Z,QuantifiedBob,Conor_Flynn
2021-01-14T15:59:16.480Z,LNP,ejain
2021-03-28T21:56:01.557Z,LEF,Agaricus
2017-01-22T17:23:10.161Z,Marc_Mathys,chrisvdberge
2019-02-18T09:14:01.765Z,MySLOG,fiddur
2020-08-17T17:55:52.449Z,rain8dome9,alexey
2020-07-30T13:48:23.003Z,gedankenstuecke,ejain
2018-06-28T16:25:21.274Z,nikf91,ivan
2016-09-30T15:39:37.152Z,Marry,Elo
2016-09-09T23:19:45.775Z,Steven_Jonas,Sagado
2017-01-31T10:05:47.192Z,chrisvdberge,Marc_Mathys
2017-03-27T15:23:04.756Z,Agaricus,Amith_vikram_Rangara
2018-08-02T08:06:23.903Z,Dan_Dascalescu,Roadkill0000
2020-08-17T07:45:17.071Z,Dipdap,Agaricus
2019-03-05T22:23:56.527Z,peterhatoz,bookemdano
2017-05-21T05:44:26.079Z,michael.collins,Greg_Yeutter
2016-01-27T17:42:48.205Z,Dan_Dascalescu,ShannonConners
2016-11-16T08:35:44.640Z,_AmandaJW,Jakob_Sievers
2016-03-08T01:33:30.226Z,amac0,theCyberMike
2016-08-11T22:41:18.871Z,_AmandaJW,shanusmagnus
2020-04-08T17:16:43.337Z,dreeds,Suresh_Murthy
2016-02-27T03:52:28.748Z,Dan_Dascalescu,gbalfi
2020-07-01T07:34:55.737Z,one_man_experiment,ejain
2021-02-08T20:01:27.542Z,LNP,Sergio
2019-08-29T02:34:49.881Z,Beau_Gunderson,rain8dome9
2020-02-14T22:04:30.504Z,dreeds,dans
2020-01-03T10:49:06.175Z,gedankenstuecke,madprime
2020-08-28T23:21:25.825Z,rain8dome9,Agaricus
2015-12-18T00:32:30.841Z,Jay_Aitchsee,BsleeperS
2017-04-04T19:48:09.440Z,JeremyGordon,Matt_Thompson
2017-08-07T22:27:13.701Z,ejain,jjnz
2020-01-09T02:47:11.360Z,rain8dome9,madprime
2020-05-28T03:41:48.222Z,ejain,Agaricus
2019-04-27T18:25:20.505Z,Dr_John,Agaricus
2018-09-25T20:08:47.040Z,j3rry,j3rry
2017-03-20T00:05:22.618Z,jackpark,Amith_vikram_Rangara
2016-02-27T09:31:58.143Z,jwillis84,nicbaz
2021-01-02T22:11:05.304Z,thefedoration,Said_Bouziane
2021-03-04T08:21:36.267Z,FORT_Simon,Sergio
2016-07-21T02:09:22.963Z,Just_Iain,Marc_Mathys
2018-12-15T02:00:03.029Z,rain8dome9,Steven_Jonas
2020-08-13T14:58:43.434Z,LNP,ejain
2016-11-17T13:30:03.602Z,justintimmer,roxx
2019-02-11T13:51:00.011Z,QuantifiedBob,Kerberos
2020-01-26T23:20:54.160Z,sskaye,ejain
2020-12-18T09:27:57.506Z,LNP,kate
2016-07-19T16:39:30.373Z,Luke_Sleepwalker,Nath
2019-03-29T12:32:23.808Z,josurac,Agaricus
2019-08-31T01:41:24.663Z,ejain,ejain
2017-05-03T00:43:34.059Z,adamwulf,abake
2019-05-25T17:26:03.382Z,rain8dome9,JessicaK
2020-09-28T09:50:46.850Z,LNP,ejain
2015-11-18T10:14:56.524Z,genomapp,Zeta
2016-10-30T20:06:49.759Z,Marcel,ejain
2016-06-23T02:00:57.182Z,lotusflyer,patbuen
2017-03-24T23:34:31.197Z,Amith_vikram_Rangara,Agaricus
2016-12-19T23:05:08.387Z,laikalee,nez
2018-08-21T17:46:26.642Z,gianlucatruda,Agaricus
2017-04-19T20:05:21.049Z,cop,Praxiteles
2017-05-07T19:56:29.277Z,matgessel,Kilost
2015-10-28T22:05:10.391Z,AnthonyGalli,davedonohue
2016-07-25T22:48:24.312Z,Agaricus,fmj13
2019-03-21T07:05:41.687Z,ejain,ejain
2016-08-12T17:37:45.058Z,Luke_Sleepwalker,Elo
2016-08-16T07:28:38.211Z,IoTool,Mark_Leavitt
2020-10-07T15:12:26.021Z,LNP,Agaricus
2021-01-12T17:41:37.941Z,LNP,ejain
2016-10-27T17:24:22.120Z,QuantifiedBob,Agaricus
2020-08-17T19:10:22.362Z,rain8dome9,Agaricus
2021-01-29T03:00:22.657Z,Simeon_Atanasov,Steven_Jonas
2017-01-22T17:10:51.653Z,chrisvdberge,Marc_Mathys
2016-01-27T21:39:17.627Z,pbaxi,basisbreakdown
2018-08-28T18:46:17.652Z,Agaricus,gianlucatruda
2019-01-29T09:48:52.274Z,fiddur,ejain
2016-07-16T16:27:55.156Z,TheNotifiedSelf,patbuen
2016-12-19T11:01:47.469Z,wasslehoff,justintimmer
2016-08-26T10:19:46.548Z,HenrikAhlen,Marc_Mathys
2020-10-25T03:36:34.359Z,MickDee,LNP
2017-03-21T00:08:04.405Z,jackpark,Mikey_Sklar
2017-05-03T21:46:08.487Z,meenakshsundaram,roxx
2020-09-06T09:47:54.659Z,LNP,SimonP
2018-11-26T18:37:31.098Z,sergey,ejain
2019-04-24T13:37:11.196Z,Valeria_Pannunzio,Valeria_Pannunzio
2020-10-09T15:04:45.654Z,LNP,mmschladen
2016-12-08T01:10:14.923Z,watsonic,roxx
2017-06-13T06:28:37.893Z,pfh,saw2112
2016-03-04T02:20:01.890Z,jwillis84,theCyberMike
2019-04-24T13:37:46.762Z,Valeria_Pannunzio,Agaricus
2021-01-06T08:15:04.307Z,Said_Bouziane,thefedoration
2016-07-29T18:14:52.646Z,ejain,ndp
2020-11-22T04:17:49.075Z,LNP,srbd
2020-12-23T17:29:23.827Z,aokeson,LNP
2019-04-18T19:50:10.040Z,buthe79,fiddur
2021-02-21T22:59:16.080Z,rain8dome9,Exhausted
2019-08-15T16:02:25.221Z,AskAtlys,AppKnomee
2020-09-16T15:29:06.160Z,LNP,MickDee
2017-03-24T22:44:55.428Z,Agaricus,jackpark
2018-10-17T18:29:01.515Z,Steven_Jonas,lhl
2020-12-31T00:18:09.744Z,ladybird,rain8dome9
2017-03-25T00:46:59.244Z,ericjdaza,Agaricus
2016-06-23T02:09:03.767Z,lotusflyer,ShannonConners
2019-01-13T01:15:22.384Z,Steven_Jonas,Agaricus
2016-01-27T20:12:07.286Z,basisbreakdown,pbaxi
2017-01-23T22:12:45.791Z,Agaricus,chrisvdberge
2018-08-27T18:23:19.038Z,gianlucatruda,Agaricus
2017-06-11T21:52:29.004Z,Greg_Yeutter,Charlotte
2019-01-21T01:16:58.112Z,ejain,Agaricus
2017-12-11T16:50:41.221Z,MichaelG,Marc_Mathys
2020-07-04T10:57:38.443Z,stibeck,ejain
2016-12-19T11:19:23.536Z,justintimmer,wasslehoff
2018-08-07T22:07:02.404Z,azure,gianlucatruda
2019-03-14T04:37:24.031Z,ejain,quantifiedketonian
2016-07-25T23:14:38.514Z,fmj13,Agaricus
2015-10-28T20:17:14.559Z,davedonohue,AnthonyGalli
2017-01-10T14:18:29.309Z,lotusflyer,florian
2020-04-16T12:36:47.230Z,dkrenik,ejain
2019-04-02T20:50:08.818Z,JessicaK,AlexNeilson14
2016-06-20T22:39:39.432Z,patbuen,ejain
2019-04-24T08:47:18.282Z,Sergio,Dr_John
2020-05-20T08:20:40.043Z,Said_Bouziane,dreeds
2018-08-23T21:11:11.624Z,Agaricus,gianlucatruda
2019-03-29T15:50:42.779Z,Agaricus,josurac
2016-07-19T04:33:14.437Z,Nath,theCyberMike
2021-01-02T05:23:41.857Z,Said_Bouziane,OP_Engr
2015-10-24T15:48:51.625Z,AnsisMalins,himynamesdave
2018-09-25T22:30:55.596Z,azure,azure
2016-07-26T16:24:16.678Z,Luke_Sleepwalker,fmj13
2016-02-23T02:39:02.694Z,Piotr_Jarecki,Francois_Polarczyk
2020-09-27T20:55:18.030Z,ejain,LNP
2019-10-08T23:24:44.531Z,rain8dome9,Seanny123
2020-10-03T14:48:21.785Z,davidhead,Agaricus
2016-02-27T09:53:02.135Z,jwillis84,nicbaz
2021-01-02T22:11:34.349Z,thefedoration,Agaricus
2021-03-04T08:25:05.336Z,FORT_Simon,LEF
2020-08-13T04:00:06.717Z,ejain,LNP
2017-02-14T17:29:57.418Z,pfh,Agaricus
2016-11-16T19:45:42.769Z,roxx,QuantifiedBob
2020-01-26T23:29:48.925Z,sskaye,ejain
2017-05-09T11:46:27.529Z,jina963,Dan_Dascalescu
2016-12-11T00:17:55.614Z,symian,Jason_Miller
2015-12-17T21:57:12.092Z,BsleeperS,woodinblack
2017-07-31T03:46:13.436Z,Edward_Hill,jjnz
2016-08-05T18:48:22.680Z,dreeves,Skav
2019-08-16T01:03:51.124Z,ejain,Steven_Jonas
2019-08-10T01:48:47.795Z,rain8dome9,Beau_Gunderson
2020-01-24T22:19:11.279Z,madprime,rain8dome9
2019-04-27T18:43:38.001Z,Dr_John,Sergio
2019-05-02T18:08:32.343Z,quotidiansampler,Agaricus
2021-02-09T11:05:24.535Z,gedankenstuecke,LNP
2020-02-14T21:07:02.767Z,dans,dreeds
2016-08-11T21:41:13.001Z,shanusmagnus,ejain
2016-02-26T20:36:29.119Z,gbalfi,Dan_Dascalescu
2017-10-14T20:19:25.523Z,mookiebearapps,michaelbenton
2020-11-15T22:54:52.941Z,rain8dome9,gedankenstuecke
2021-03-29T22:05:07.769Z,ekerstein,dreeds
2016-06-08T08:43:48.536Z,CeyHello,ejain
2019-09-02T06:13:10.630Z,thinkerdog,thinkerdog
2017-02-02T20:02:42.815Z,danwich,Emily_Porter
2016-07-27T08:17:07.827Z,FirebrandAZ,BATBAT1
2017-05-12T23:15:19.971Z,Greg_Yeutter,michael.collins
2020-06-03T20:09:02.669Z,that_dramebaaz_guy,Agaricus
2017-02-27T19:50:30.710Z,hermandevries,Agaricus
2016-01-27T18:06:50.592Z,marcusfoster,Dan_Dascalescu
2016-03-08T02:16:32.137Z,jwillis84,theCyberMike
2020-12-04T08:21:06.634Z,gedankenstuecke,Agaricus
2020-12-21T18:18:34.452Z,ericbalkan,bluenorthern
2018-01-24T09:25:41.833Z,Peter_Kisfaludi,Dave_Asprey
2016-11-28T15:41:36.196Z,justintimmer,Krishnan
2020-09-30T17:40:17.025Z,Agaricus,michaelforrest
2017-07-19T15:35:52.292Z,Tahl,ejain
2020-08-18T18:51:29.886Z,xman2012,xman2012
2021-02-10T23:07:01.466Z,ethanwatters,rain8dome9
2017-11-13T13:07:32.549Z,Adria,Marc_Mathys
2021-01-14T19:36:39.522Z,ejain,LNP
2020-01-22T00:58:38.827Z,ejain,Parkourler
2016-11-15T16:38:40.186Z,QuantifiedBob,watsonic
2017-01-22T17:18:46.659Z,chrisvdberge,Marc_Mathys
2019-02-19T07:15:42.584Z,MySLOG,fiddur
2019-07-17T23:32:18.913Z,dreeds,rain8dome9
2016-08-17T21:46:32.355Z,Luke_Sleepwalker,Dan_Dascalescu
2018-08-27T19:00:21.661Z,gianlucatruda,QuantifiedBob
2018-10-29T07:55:34.322Z,fiddur,Omri_Mendels
2016-08-30T14:24:26.394Z,RubyJ,justintimmer
2017-08-15T18:06:18.528Z,Cornelius,Justin_Lawler
2020-05-22T22:37:14.507Z,rain8dome9,Agaricus
2017-01-20T12:26:41.321Z,Sergio,denis
2018-07-27T21:03:41.323Z,AnnaFranziskaMichel,Ebrucia1
2017-11-05T20:38:05.220Z,ejain,DeadEternally
2017-01-24T19:00:57.577Z,ejain,IsaacGerg
2016-02-20T16:21:06.027Z,Crazypedia,jwillis84
2020-02-24T17:16:08.597Z,phxJack,Steven_Jonas
2016-08-29T05:51:48.383Z,tachtevrenidis,Mikey_Sklar
2018-03-11T18:29:40.770Z,ejain,wedsoncarlos
2021-01-09T04:25:26.887Z,Said_Bouziane,OP_Engr
2020-03-24T12:23:32.502Z,sskaye,Suresh_Murthy
2015-12-09T23:59:24.084Z,BsleeperS,Jay_Aitchsee
2017-03-29T20:29:03.044Z,duncan.banks,Agaricus
2021-04-02T08:22:00.627Z,LNP,Jan_Antolik
2016-12-21T12:14:28.359Z,Sergio,Agaricus
2019-08-09T16:50:11.192Z,Beau_Gunderson,OP_Engr
2016-08-30T18:07:42.286Z,Luke_Sleepwalker,QuantifiedBob
2021-01-05T03:52:55.330Z,Jeshyr,thefedoration
2018-12-02T23:05:20.917Z,Caffo,Dan_Dascalescu
2016-02-16T18:55:43.313Z,ejain,Beau_Gunderson
2018-07-31T22:56:07.721Z,Benjamin_Smarr,Agaricus
2016-08-10T13:28:00.603Z,QuantifiedBob,QuantifiedBob
2018-07-22T22:18:45.712Z,logos,Agaricus
2017-02-08T05:53:57.353Z,Praxiteles,David_Brooks
2019-03-30T00:29:01.948Z,quantifiedketonian,kastan
2020-10-07T19:25:55.120Z,JBDow,LNP
2017-01-13T20:08:34.138Z,ejain,danwich
2019-01-09T03:33:39.085Z,ejain,fiddur
2020-11-07T09:26:33.144Z,JBL,LNP
2017-02-04T02:28:06.118Z,Emily_Porter,chrisvdberge
2016-01-22T17:27:19.492Z,pbaxi,basisbreakdown
2016-10-25T06:46:27.603Z,alex_u,Marry
2020-08-09T21:19:41.537Z,CharlesAlexandreRoy,LNP
2020-02-26T13:57:01.367Z,sskaye,Kiipo_Chris
2016-11-29T04:44:27.934Z,OP_Engr,Ruxi
2018-10-14T18:53:06.230Z,ejain,Guzik
2015-10-02T09:22:10.410Z,sigwolf,Kcyxa
2017-05-13T03:16:09.867Z,JamesSonger,ejain
2017-01-12T13:43:13.596Z,marcelvanderkuil,lotusflyer
2016-08-14T13:12:35.166Z,QuantifiedBob,Zackman1959
2017-01-17T14:01:49.143Z,Justin_Lawler,Dan_Dascalescu
2017-05-09T13:54:38.612Z,IsaacGerg,mulhollandQS
2020-08-25T17:32:06.167Z,Sergio,LNP
2018-12-10T02:23:00.908Z,ejain,Steven_Jonas
2020-11-13T17:20:04.900Z,LNP,Justin_Lawler
2016-07-22T14:08:15.636Z,sigwolf,BATBAT1
2016-02-09T19:25:52.813Z,Dannysoos,Nanodot
2016-07-15T00:39:27.269Z,Agaricus,patbuen
2020-07-21T04:53:37.605Z,ejain,ejain
2019-12-21T23:09:50.185Z,madprime,rain8dome9
2016-10-24T19:23:43.193Z,theCyberMike,zeakian
2019-02-07T15:50:32.377Z,rdebrecht,Mikesleep
2017-01-07T18:44:59.699Z,ejain,Qot
2019-06-13T20:59:11.161Z,Agaricus,QuantifiedBob
2016-08-24T00:23:01.828Z,ejain,Amit_Kohli
2017-02-02T22:28:52.072Z,Jay_Aitchsee,rlong19
2017-02-15T15:17:20.321Z,Emily_Porter,pfh
2016-08-05T19:22:55.503Z,Agaricus,Luke_Sleepwalker
2016-03-02T02:22:51.234Z,jwillis84,theCyberMike
2017-09-05T23:28:47.549Z,Tahl,schochlp
2015-11-30T06:51:11.679Z,Rok,DaviddeSouza
2020-07-31T16:25:25.828Z,Agaricus,tomkintner
2016-02-29T10:24:48.704Z,gbalfi,ejain
2021-01-08T18:28:31.702Z,ilmostromberg.com,rain8dome9
2019-03-19T15:50:28.332Z,petioptrv,kastan
2021-01-11T02:36:24.972Z,Agaricus,Said_Bouziane
2018-06-22T07:24:50.263Z,marcelvanderkuil,Mikkelsen
2016-10-30T05:01:59.574Z,Elo,justintimmer
2018-06-23T23:23:06.923Z,wkrasl,Agaricus
2017-02-04T10:45:35.048Z,chrisvdberge,Emily_Porter
2016-02-23T12:49:08.010Z,nicbaz,jwillis84
2017-01-28T16:24:18.078Z,marcelvanderkuil,AnnaFranziskaMichel
2017-03-29T03:33:41.625Z,Sergio,Agaricus
2020-01-18T19:12:00.630Z,ejain,QuantifiedBob
2016-12-16T19:20:40.092Z,Krishnan,Agaricus
2019-09-05T22:24:54.373Z,madprime,ejain
2019-03-27T00:32:46.221Z,josurac,Agaricus
2020-12-22T21:50:07.417Z,ejain,kate
2017-02-21T15:41:52.481Z,hermandevries,Sergio
2017-05-12T00:23:23.895Z,Agaricus,Monade
2019-02-27T15:31:02.999Z,Helma_T,Agaricus
2020-10-15T14:59:53.883Z,Agaricus,ejain
2019-02-24T22:50:15.690Z,ejain,QuantifiedBob
2018-01-22T09:39:18.259Z,Adria,EmilyValerie
2015-10-08T05:14:53.747Z,ejain,TomW_Johns_Hopkins
2016-04-22T21:26:40.609Z,ejain,magnush
2020-02-22T14:00:52.091Z,sskaye,Suresh_Murthy
2017-01-22T17:29:23.334Z,chrisvdberge,Marc_Mathys
2020-08-20T04:38:20.080Z,ejain,LNP
2016-10-31T21:13:13.405Z,Agaricus,Josh_Schneider
2020-10-04T15:19:19.801Z,LNP,davidhead
2016-07-20T01:21:36.471Z,alpha_lsjfsa,symian
2019-04-12T18:25:31.481Z,dgartenberg,quotidiansampler
2018-06-18T19:19:29.930Z,marcelvanderkuil,Mikkelsen
2021-01-07T03:37:26.332Z,Said_Bouziane,Dan_Dascalescu
2018-03-19T00:19:24.815Z,cataloger1,ejain
2016-08-29T16:52:37.168Z,tachtevrenidis,justintimmer
2020-07-08T06:53:35.068Z,ejain,Agaricus
2017-06-30T20:07:37.873Z,amishra123,IsaacGerg
2016-11-28T06:55:11.488Z,kpfleger,kpfleger
2021-01-28T03:16:26.015Z,rain8dome9,Mdrangsholt
2017-03-17T19:38:59.336Z,Jacob,Qek
2020-08-23T05:11:36.265Z,dreeds,xman2012
2017-05-09T00:48:22.492Z,IsaacGerg,LiFESCAPE